Traffic_Density,Year,Month,Day,Hour,Peak_Time_Hour,Location_Encoded,Object_Type_Asteroid Mining Ship,Object_Type_Manned Spacecraft,Object_Type_Satellite,Object_Type_Scientific Probe,Object_Type_Space Debris,Object_Type_Space Station,Traffic_Density_Category
17,2024,10,21,21,15,1,FALSE,FALSE,FALSE,FALSE,FALSE,TRUE,Low
21,2024,10,11,5,15,4,FALSE,FALSE,TRUE,FALSE,FALSE,FALSE,Low
88,2024,10,29,13,6,4,FALSE,FALSE,FALSE,FALSE,FALSE,TRUE,High
65,2024,10,24,8,8,2,FALSE,FALSE,FALSE,TRUE,FALSE,FALSE,Medium
9,2024,10,23,17,6,0,FALSE,FALSE,FALSE,FALSE,FALSE,TRUE,Low
13,2024,10,6,22,3,4,FALSE,FALSE,FALSE,FALSE,TRUE,FALSE,Low
83,2024,10,21,2,14,0,FALSE,TRUE,FALSE,FALSE,FALSE,FALSE,High
90,2024,10,9,12,20,1,FALSE,TRUE,FALSE,FALSE,FALSE,FALSE,High
93,2024,10,5,10,11,0,FALSE,TRUE,FALSE,FALSE,FALSE,FALSE,High
31,2024,10,4,4,19,1,FALSE,TRUE,FALSE,FALSE,FALSE,FALSE,Medium
79,2024,10,12,22,7,2,FALSE,FALSE,FALSE,FALSE,FALSE,TRUE,High
89,2024,10,16,6,16,2,TRUE,FALSE,FALSE,FALSE,FALSE,FALSE,High
83,2024,10,14,2,5,1,FALSE,FALSE,FALSE,FALSE,TRUE,FALSE,High
17,2024,10,7,13,3,1,FALSE,FALSE,FALSE,TRUE,FALSE,FALSE,Low
25,2024,10,25,18,1,3,FALSE,FALSE,FALSE,FALSE,FALSE,TRUE,Low
75,2024,10,14,14,7,1,FALSE,FALSE,FALSE,TRUE,FALSE,FALSE,High
30,2024,10,14,4,16,5,FALSE,TRUE,FALSE,FALSE,FALSE,FALSE,Medium
97,2024,10,15,23,8,5,FALSE,FALSE,FALSE,FALSE,TRUE,FALSE,High
29,2024,10,17,8,3,0,FALSE,FALSE,TRUE,FALSE,FALSE,FALSE,Low
76,2024,10,25,11,9,2,FALSE,FALSE,FALSE,TRUE,FALSE,FALSE,High
13,2024,10,2,15,9,4,FALSE,FALSE,FALSE,FALSE,TRUE,FALSE,Low
90,2024,10,12,19,12,4,FALSE,FALSE,TRUE,FALSE,FALSE,FALSE,High
29,2024,10,17,1,11,0,TRUE,FALSE,FALSE,FALSE,FALSE,FALSE,Low
45,2024,10,23,2,7,0,FALSE,FALSE,FALSE,TRUE,FALSE,FALSE,Medium
51,2024,10,11,19,6,4,FALSE,FALSE,FALSE,TRUE,FALSE,FALSE,Medium
47,2024,10,9,8,15,5,TRUE,FALSE,FALSE,FALSE,FALSE,FALSE,Medium
79,2024,10,22,7,23,0,FALSE,FALSE,FALSE,FALSE,TRUE,FALSE,High
39,2024,10,24,7,10,1,TRUE,FALSE,FALSE,FALSE,FALSE,FALSE,Medium
21,2024,10,9,0,14,1,FALSE,FALSE,FALSE,TRUE,FALSE,FALSE,Low
10,2024,10,21,9,5,2,TRUE,FALSE,FALSE,FALSE,FALSE,FALSE,Low
8,2024,10,6,11,6,1,FALSE,FALSE,TRUE,FALSE,FALSE,FALSE,Low
21,2024,10,8,6,23,1,FALSE,FALSE,FALSE,FALSE,FALSE,TRUE,Low
82,2024,10,29,19,8,5,FALSE,FALSE,TRUE,FALSE,FALSE,FALSE,High
46,2024,10,15,0,13,1,TRUE,FALSE,FALSE,FALSE,FALSE,FALSE,Medium
83,2024,10,21,0,9,2,FALSE,FALSE,FALSE,TRUE,FALSE,FALSE,High
31,2024,10,12,22,1,2,FALSE,FALSE,FALSE,TRUE,FALSE,FALSE,Medium
54,2024,10,29,9,17,2,TRUE,FALSE,FALSE,FALSE,FALSE,FALSE,Medium
40,2024,10,5,20,21,0,FALSE,FALSE,TRUE,FALSE,FALSE,FALSE,Medium
5,2024,10,30,8,13,3,FALSE,TRUE,FALSE,FALSE,FALSE,FALSE,Low
84,2024,10,29,11,22,4,FALSE,FALSE,FALSE,FALSE,FALSE,TRUE,High
88,2024,10,18,2,5,1,FALSE,FALSE,FALSE,FALSE,FALSE,TRUE,High
37,2024,10,7,22,21,0,TRUE,FALSE,FALSE,FALSE,FALSE,FALSE,Medium
54,2024,10,26,1,14,1,FALSE,TRUE,FALSE,FALSE,FALSE,FALSE,Medium
63,2024,10,4,5,6,4,FALSE,TRUE,FALSE,FALSE,FALSE,FALSE,Medium
68,2024,10,30,18,17,5,TRUE,FALSE,FALSE,FALSE,FALSE,FALSE,Medium
84,2024,10,6,17,18,5,FALSE,TRUE,FALSE,FALSE,FALSE,FALSE,High
3,2024,10,25,10,11,2,FALSE,FALSE,FALSE,FALSE,FALSE,TRUE,Low
99,2024,10,12,16,5,1,FALSE,TRUE,FALSE,FALSE,FALSE,FALSE,High
51,2024,10,24,8,3,4,FALSE,FALSE,FALSE,FALSE,FALSE,TRUE,Medium
25,2024,10,25,8,19,0,FALSE,FALSE,FALSE,FALSE,FALSE,TRUE,Low
16,2024,10,8,11,7,0,FALSE,TRUE,FALSE,FALSE,FALSE,FALSE,Low
41,2024,10,13,23,4,4,FALSE,FALSE,FALSE,TRUE,FALSE,FALSE,Medium
20,2024,10,27,13,10,2,FALSE,FALSE,FALSE,TRUE,FALSE,FALSE,Low
48,2024,10,25,8,0,0,FALSE,FALSE,FALSE,FALSE,FALSE,TRUE,Medium
86,2024,10,7,7,23,0,FALSE,FALSE,FALSE,FALSE,TRUE,FALSE,High
21,2024,10,20,7,11,4,FALSE,FALSE,FALSE,TRUE,FALSE,FALSE,Low
10,2024,10,11,12,0,2,TRUE,FALSE,FALSE,FALSE,FALSE,FALSE,Low
85,2024,10,3,17,9,0,TRUE,FALSE,FALSE,FALSE,FALSE,FALSE,High
100,2024,10,13,16,17,3,TRUE,FALSE,FALSE,FALSE,FALSE,FALSE,High
85,2024,10,23,4,4,3,FALSE,FALSE,FALSE,TRUE,FALSE,FALSE,High
52,2024,10,14,11,5,4,FALSE,TRUE,FALSE,FALSE,FALSE,FALSE,Medium
72,2024,10,1,16,12,5,FALSE,TRUE,FALSE,FALSE,FALSE,FALSE,High
30,2024,10,14,17,12,3,FALSE,FALSE,FALSE,FALSE,FALSE,TRUE,Medium
17,2024,10,2,15,23,5,FALSE,FALSE,TRUE,FALSE,FALSE,FALSE,Low
62,2024,10,5,11,9,4,FALSE,FALSE,FALSE,FALSE,TRUE,FALSE,Medium
42,2024,10,10,16,8,5,FALSE,TRUE,FALSE,FALSE,FALSE,FALSE,Medium
39,2024,10,14,6,6,5,FALSE,TRUE,FALSE,FALSE,FALSE,FALSE,Medium
86,2024,10,15,18,3,1,FALSE,FALSE,TRUE,FALSE,FALSE,FALSE,High
45,2024,10,13,19,18,2,TRUE,FALSE,FALSE,FALSE,FALSE,FALSE,Medium
43,2024,10,14,13,12,0,FALSE,FALSE,FALSE,FALSE,FALSE,TRUE,Medium
55,2024,10,18,18,14,5,TRUE,FALSE,FALSE,FALSE,FALSE,FALSE,Medium
7,2024,10,15,6,0,0,FALSE,FALSE,TRUE,FALSE,FALSE,FALSE,Low
17,2024,10,10,7,13,5,FALSE,TRUE,FALSE,FALSE,FALSE,FALSE,Low
88,2024,10,27,16,16,5,FALSE,FALSE,FALSE,TRUE,FALSE,FALSE,High
44,2024,10,5,14,9,5,TRUE,FALSE,FALSE,FALSE,FALSE,FALSE,Medium
9,2024,10,25,10,8,4,FALSE,FALSE,FALSE,FALSE,TRUE,FALSE,Low
40,2024,10,19,12,3,5,FALSE,TRUE,FALSE,FALSE,FALSE,FALSE,Medium
47,2024,10,3,1,20,3,FALSE,FALSE,FALSE,FALSE,FALSE,TRUE,Medium
100,2024,10,11,10,1,5,FALSE,FALSE,FALSE,FALSE,FALSE,TRUE,High
2,2024,10,12,6,10,4,FALSE,FALSE,TRUE,FALSE,FALSE,FALSE,Low
38,2024,10,11,3,20,4,FALSE,FALSE,TRUE,FALSE,FALSE,FALSE,Medium
68,2024,10,19,3,15,3,FALSE,FALSE,FALSE,FALSE,TRUE,FALSE,Medium
7,2024,10,8,23,5,5,TRUE,FALSE,FALSE,FALSE,FALSE,FALSE,Low
28,2024,10,20,7,23,2,FALSE,FALSE,FALSE,FALSE,TRUE,FALSE,Low
12,2024,10,18,16,11,2,FALSE,FALSE,FALSE,FALSE,TRUE,FALSE,Low
80,2024,10,24,3,2,0,FALSE,FALSE,FALSE,FALSE,TRUE,FALSE,High
5,2024,10,3,21,1,4,TRUE,FALSE,FALSE,FALSE,FALSE,FALSE,Low
22,2024,10,6,7,5,5,FALSE,FALSE,FALSE,FALSE,FALSE,TRUE,Low
47,2024,10,2,23,21,2,FALSE,FALSE,FALSE,TRUE,FALSE,FALSE,Medium
5,2024,10,3,9,5,0,FALSE,FALSE,FALSE,FALSE,TRUE,FALSE,Low
7,2024,10,26,5,6,4,TRUE,FALSE,FALSE,FALSE,FALSE,FALSE,Low
47,2024,10,6,13,21,2,FALSE,TRUE,FALSE,FALSE,FALSE,FALSE,Medium
100,2024,10,19,22,8,1,TRUE,FALSE,FALSE,FALSE,FALSE,FALSE,High
31,2024,10,20,16,11,4,FALSE,FALSE,FALSE,FALSE,FALSE,TRUE,Medium
97,2024,10,15,12,18,3,FALSE,FALSE,FALSE,FALSE,FALSE,TRUE,High
41,2024,10,5,3,2,5,FALSE,FALSE,FALSE,TRUE,FALSE,FALSE,Medium
10,2024,10,3,19,6,1,FALSE,FALSE,FALSE,TRUE,FALSE,FALSE,Low
49,2024,10,21,23,6,4,FALSE,FALSE,TRUE,FALSE,FALSE,FALSE,Medium
54,2024,10,10,7,16,4,FALSE,FALSE,FALSE,TRUE,FALSE,FALSE,Medium
2,2024,10,11,3,20,4,FALSE,FALSE,FALSE,FALSE,TRUE,FALSE,Low
34,2024,10,28,1,6,0,FALSE,TRUE,FALSE,FALSE,FALSE,FALSE,Medium
64,2024,10,27,22,17,4,FALSE,FALSE,TRUE,FALSE,FALSE,FALSE,Medium
70,2024,10,28,19,17,0,FALSE,FALSE,TRUE,FALSE,FALSE,FALSE,High
35,2024,10,3,13,4,4,FALSE,FALSE,TRUE,FALSE,FALSE,FALSE,Medium
99,2024,10,2,12,20,1,FALSE,FALSE,FALSE,FALSE,FALSE,TRUE,High
56,2024,10,20,3,3,3,TRUE,FALSE,FALSE,FALSE,FALSE,FALSE,Medium
63,2024,10,23,13,2,0,FALSE,FALSE,FALSE,TRUE,FALSE,FALSE,Medium
95,2024,10,3,16,14,2,FALSE,TRUE,FALSE,FALSE,FALSE,FALSE,High
90,2024,10,14,18,7,0,FALSE,FALSE,FALSE,TRUE,FALSE,FALSE,High
55,2024,10,23,17,22,1,FALSE,FALSE,FALSE,FALSE,FALSE,TRUE,Medium
8,2024,10,25,2,2,1,TRUE,FALSE,FALSE,FALSE,FALSE,FALSE,Low
91,2024,10,29,7,5,2,FALSE,TRUE,FALSE,FALSE,FALSE,FALSE,High
20,2024,10,19,4,9,2,TRUE,FALSE,FALSE,FALSE,FALSE,FALSE,Low
97,2024,10,1,13,9,3,FALSE,FALSE,TRUE,FALSE,FALSE,FALSE,High
55,2024,10,7,10,7,4,FALSE,FALSE,TRUE,FALSE,FALSE,FALSE,Medium
28,2024,10,28,13,23,2,FALSE,FALSE,TRUE,FALSE,FALSE,FALSE,Low
93,2024,10,5,7,23,1,FALSE,FALSE,FALSE,FALSE,FALSE,TRUE,High
22,2024,10,30,10,23,5,TRUE,FALSE,FALSE,FALSE,FALSE,FALSE,Low
46,2024,10,9,15,0,2,TRUE,FALSE,FALSE,FALSE,FALSE,FALSE,Medium
33,2024,10,31,0,22,1,FALSE,FALSE,FALSE,FALSE,FALSE,TRUE,Medium
35,2024,10,26,16,23,0,FALSE,FALSE,FALSE,FALSE,TRUE,FALSE,Medium
20,2024,10,24,12,4,1,FALSE,TRUE,FALSE,FALSE,FALSE,FALSE,Low
70,2024,10,11,23,15,3,FALSE,FALSE,FALSE,TRUE,FALSE,FALSE,High
49,2024,10,8,6,5,3,FALSE,FALSE,FALSE,FALSE,FALSE,TRUE,Medium
24,2024,10,6,19,6,2,FALSE,FALSE,TRUE,FALSE,FALSE,FALSE,Low
98,2024,10,2,15,21,0,FALSE,FALSE,FALSE,TRUE,FALSE,FALSE,High
60,2024,10,6,21,0,3,FALSE,FALSE,FALSE,FALSE,TRUE,FALSE,Medium
87,2024,10,19,2,23,4,TRUE,FALSE,FALSE,FALSE,FALSE,FALSE,High
21,2024,10,18,2,8,2,TRUE,FALSE,FALSE,FALSE,FALSE,FALSE,Low
22,2024,10,22,13,9,1,FALSE,FALSE,FALSE,FALSE,TRUE,FALSE,Low
29,2024,10,21,0,13,5,FALSE,FALSE,FALSE,FALSE,TRUE,FALSE,Low
72,2024,10,6,16,6,4,FALSE,FALSE,FALSE,FALSE,FALSE,TRUE,High
79,2024,10,2,19,13,1,FALSE,FALSE,FALSE,TRUE,FALSE,FALSE,High
84,2024,10,19,16,7,4,FALSE,FALSE,FALSE,TRUE,FALSE,FALSE,High
66,2024,10,1,4,21,4,FALSE,FALSE,TRUE,FALSE,FALSE,FALSE,Medium
25,2024,10,16,1,10,4,FALSE,FALSE,FALSE,TRUE,FALSE,FALSE,Low
95,2024,10,2,2,12,4,FALSE,TRUE,FALSE,FALSE,FALSE,FALSE,High
41,2024,10,29,17,13,3,TRUE,FALSE,FALSE,FALSE,FALSE,FALSE,Medium
100,2024,10,16,15,19,5,TRUE,FALSE,FALSE,FALSE,FALSE,FALSE,High
67,2024,10,14,22,21,4,FALSE,FALSE,FALSE,FALSE,FALSE,TRUE,Medium
67,2024,10,11,23,23,3,FALSE,FALSE,FALSE,TRUE,FALSE,FALSE,Medium
38,2024,10,22,12,14,1,FALSE,FALSE,TRUE,FALSE,FALSE,FALSE,Medium
100,2024,10,10,0,22,5,TRUE,FALSE,FALSE,FALSE,FALSE,FALSE,High
93,2024,10,23,19,4,5,TRUE,FALSE,FALSE,FALSE,FALSE,FALSE,High
1,2024,10,7,4,1,5,FALSE,FALSE,FALSE,FALSE,TRUE,FALSE,Low
35,2024,10,19,6,11,2,TRUE,FALSE,FALSE,FALSE,FALSE,FALSE,Medium
4,2024,10,7,19,13,2,FALSE,FALSE,TRUE,FALSE,FALSE,FALSE,Low
94,2024,10,11,9,6,1,FALSE,FALSE,FALSE,TRUE,FALSE,FALSE,High
21,2024,10,4,7,22,0,FALSE,FALSE,TRUE,FALSE,FALSE,FALSE,Low
58,2024,10,11,5,9,4,FALSE,FALSE,FALSE,FALSE,TRUE,FALSE,Medium
98,2024,10,24,18,21,4,FALSE,FALSE,TRUE,FALSE,FALSE,FALSE,High
83,2024,10,13,22,13,1,FALSE,FALSE,FALSE,TRUE,FALSE,FALSE,High
34,2024,10,27,19,6,5,FALSE,FALSE,FALSE,FALSE,FALSE,TRUE,Medium
41,2024,10,15,16,4,1,TRUE,FALSE,FALSE,FALSE,FALSE,FALSE,Medium
13,2024,10,25,11,20,4,FALSE,FALSE,FALSE,FALSE,TRUE,FALSE,Low
29,2024,10,20,22,16,4,FALSE,TRUE,FALSE,FALSE,FALSE,FALSE,Low
100,2024,10,5,2,11,4,FALSE,FALSE,FALSE,FALSE,FALSE,TRUE,High
9,2024,10,14,1,1,1,FALSE,FALSE,FALSE,TRUE,FALSE,FALSE,Low
76,2024,10,27,18,2,5,FALSE,FALSE,TRUE,FALSE,FALSE,FALSE,High
25,2024,10,25,23,15,1,TRUE,FALSE,FALSE,FALSE,FALSE,FALSE,Low
37,2024,10,9,13,9,3,FALSE,FALSE,FALSE,TRUE,FALSE,FALSE,Medium
58,2024,10,27,12,8,4,TRUE,FALSE,FALSE,FALSE,FALSE,FALSE,Medium
56,2024,10,6,14,17,0,FALSE,FALSE,FALSE,FALSE,TRUE,FALSE,Medium
22,2024,10,21,16,4,4,FALSE,FALSE,FALSE,FALSE,FALSE,TRUE,Low
84,2024,10,3,7,8,2,FALSE,FALSE,FALSE,TRUE,FALSE,FALSE,High
20,2024,10,29,10,8,2,FALSE,TRUE,FALSE,FALSE,FALSE,FALSE,Low
63,2024,10,1,12,14,5,FALSE,TRUE,FALSE,FALSE,FALSE,FALSE,Medium
43,2024,10,19,20,3,3,FALSE,FALSE,TRUE,FALSE,FALSE,FALSE,Medium
26,2024,10,3,19,22,5,FALSE,FALSE,TRUE,FALSE,FALSE,FALSE,Low
56,2024,10,26,2,22,0,TRUE,FALSE,FALSE,FALSE,FALSE,FALSE,Medium
100,2024,10,14,0,20,1,FALSE,TRUE,FALSE,FALSE,FALSE,FALSE,High
82,2024,10,3,11,14,4,FALSE,FALSE,FALSE,FALSE,TRUE,FALSE,High
57,2024,10,30,18,7,5,FALSE,TRUE,FALSE,FALSE,FALSE,FALSE,Medium
54,2024,10,8,20,10,3,TRUE,FALSE,FALSE,FALSE,FALSE,FALSE,Medium
42,2024,10,5,14,1,3,TRUE,FALSE,FALSE,FALSE,FALSE,FALSE,Medium
42,2024,10,16,3,5,1,FALSE,FALSE,FALSE,FALSE,TRUE,FALSE,Medium
92,2024,10,2,5,0,0,FALSE,FALSE,TRUE,FALSE,FALSE,FALSE,High
57,2024,10,1,4,18,1,FALSE,FALSE,FALSE,FALSE,TRUE,FALSE,Medium
6,2024,10,11,21,8,2,TRUE,FALSE,FALSE,FALSE,FALSE,FALSE,Low
20,2024,10,17,19,5,3,FALSE,FALSE,FALSE,FALSE,FALSE,TRUE,Low
10,2024,10,14,7,9,1,FALSE,TRUE,FALSE,FALSE,FALSE,FALSE,Low
1,2024,10,6,21,7,4,FALSE,FALSE,TRUE,FALSE,FALSE,FALSE,Low
7,2024,10,29,1,5,5,FALSE,TRUE,FALSE,FALSE,FALSE,FALSE,Low
63,2024,10,19,22,18,0,FALSE,FALSE,FALSE,TRUE,FALSE,FALSE,Medium
30,2024,10,2,8,1,2,FALSE,FALSE,TRUE,FALSE,FALSE,FALSE,Medium
55,2024,10,27,16,20,5,FALSE,FALSE,FALSE,TRUE,FALSE,FALSE,Medium
53,2024,10,7,5,11,5,FALSE,FALSE,TRUE,FALSE,FALSE,FALSE,Medium
98,2024,10,5,20,23,3,FALSE,FALSE,FALSE,FALSE,TRUE,FALSE,High
53,2024,10,22,7,12,2,FALSE,FALSE,FALSE,TRUE,FALSE,FALSE,Medium
44,2024,10,18,16,5,4,FALSE,FALSE,FALSE,TRUE,FALSE,FALSE,Medium
38,2024,10,2,15,16,4,FALSE,FALSE,FALSE,FALSE,TRUE,FALSE,Medium
85,2024,10,30,2,2,2,FALSE,FALSE,FALSE,TRUE,FALSE,FALSE,High
83,2024,10,27,6,22,2,FALSE,TRUE,FALSE,FALSE,FALSE,FALSE,High
19,2024,10,19,19,18,5,FALSE,FALSE,FALSE,FALSE,TRUE,FALSE,Low
94,2024,10,19,0,14,0,FALSE,FALSE,TRUE,FALSE,FALSE,FALSE,High
93,2024,10,22,16,17,1,FALSE,FALSE,TRUE,FALSE,FALSE,FALSE,High
38,2024,10,7,0,14,3,TRUE,FALSE,FALSE,FALSE,FALSE,FALSE,Medium
38,2024,10,11,22,4,5,FALSE,TRUE,FALSE,FALSE,FALSE,FALSE,Medium
20,2024,10,1,11,15,0,FALSE,FALSE,FALSE,FALSE,FALSE,TRUE,Low
26,2024,10,16,20,12,5,FALSE,TRUE,FALSE,FALSE,FALSE,FALSE,Low
90,2024,10,5,16,17,1,FALSE,TRUE,FALSE,FALSE,FALSE,FALSE,High
32,2024,10,14,6,22,2,FALSE,FALSE,TRUE,FALSE,FALSE,FALSE,Medium
47,2024,10,1,18,9,0,FALSE,TRUE,FALSE,FALSE,FALSE,FALSE,Medium
83,2024,10,4,10,2,2,FALSE,FALSE,TRUE,FALSE,FALSE,FALSE,High
30,2024,10,28,9,5,5,TRUE,FALSE,FALSE,FALSE,FALSE,FALSE,Medium
58,2024,10,14,13,15,0,FALSE,TRUE,FALSE,FALSE,FALSE,FALSE,Medium
50,2024,10,26,22,20,4,FALSE,FALSE,TRUE,FALSE,FALSE,FALSE,Medium
17,2024,10,16,17,18,0,FALSE,FALSE,FALSE,FALSE,FALSE,TRUE,Low
93,2024,10,19,16,12,4,FALSE,FALSE,FALSE,TRUE,FALSE,FALSE,High
26,2024,10,13,3,22,3,FALSE,FALSE,FALSE,FALSE,TRUE,FALSE,Low
98,2024,10,29,2,3,1,FALSE,FALSE,FALSE,FALSE,FALSE,TRUE,High
1,2024,10,14,4,0,4,TRUE,FALSE,FALSE,FALSE,FALSE,FALSE,Low
54,2024,10,30,13,18,4,FALSE,FALSE,FALSE,FALSE,TRUE,FALSE,Medium
96,2024,10,8,17,0,1,FALSE,FALSE,FALSE,FALSE,FALSE,TRUE,High
64,2024,10,10,2,10,1,FALSE,FALSE,FALSE,FALSE,TRUE,FALSE,Medium
20,2024,10,13,2,6,3,FALSE,FALSE,FALSE,FALSE,TRUE,FALSE,Low
47,2024,10,26,11,3,0,TRUE,FALSE,FALSE,FALSE,FALSE,FALSE,Medium
48,2024,10,11,9,6,1,TRUE,FALSE,FALSE,FALSE,FALSE,FALSE,Medium
52,2024,10,28,22,16,4,FALSE,FALSE,FALSE,FALSE,FALSE,TRUE,Medium
51,2024,10,3,6,14,0,FALSE,TRUE,FALSE,FALSE,FALSE,FALSE,Medium
22,2024,10,6,13,21,3,FALSE,FALSE,FALSE,FALSE,TRUE,FALSE,Low
67,2024,10,18,4,8,4,FALSE,FALSE,TRUE,FALSE,FALSE,FALSE,Medium
44,2024,10,14,2,11,0,FALSE,FALSE,FALSE,TRUE,FALSE,FALSE,Medium
33,2024,10,21,5,1,3,TRUE,FALSE,FALSE,FALSE,FALSE,FALSE,Medium
83,2024,10,23,17,11,5,FALSE,FALSE,FALSE,FALSE,FALSE,TRUE,High
27,2024,10,19,2,18,3,FALSE,FALSE,FALSE,FALSE,TRUE,FALSE,Low
73,2024,10,19,11,22,4,FALSE,FALSE,FALSE,FALSE,FALSE,TRUE,High
18,2024,10,17,10,16,1,FALSE,TRUE,FALSE,FALSE,FALSE,FALSE,Low
20,2024,10,15,14,21,4,FALSE,FALSE,TRUE,FALSE,FALSE,FALSE,Low
29,2024,10,16,3,4,3,FALSE,FALSE,FALSE,TRUE,FALSE,FALSE,Low
25,2024,10,11,6,5,2,TRUE,FALSE,FALSE,FALSE,FALSE,FALSE,Low
39,2024,10,27,14,9,3,FALSE,FALSE,FALSE,TRUE,FALSE,FALSE,Medium
61,2024,10,14,19,22,5,FALSE,FALSE,FALSE,TRUE,FALSE,FALSE,Medium
84,2024,10,30,1,16,1,FALSE,TRUE,FALSE,FALSE,FALSE,FALSE,High
58,2024,10,10,9,13,4,FALSE,TRUE,FALSE,FALSE,FALSE,FALSE,Medium
77,2024,10,6,22,20,5,FALSE,TRUE,FALSE,FALSE,FALSE,FALSE,High
96,2024,10,8,11,14,0,FALSE,FALSE,FALSE,FALSE,TRUE,FALSE,High
60,2024,10,9,12,5,1,FALSE,TRUE,FALSE,FALSE,FALSE,FALSE,Medium
36,2024,10,1,6,12,0,FALSE,FALSE,TRUE,FALSE,FALSE,FALSE,Medium
93,2024,10,6,4,13,0,FALSE,FALSE,FALSE,TRUE,FALSE,FALSE,High
67,2024,10,21,21,14,0,TRUE,FALSE,FALSE,FALSE,FALSE,FALSE,Medium
20,2024,10,27,18,23,2,FALSE,TRUE,FALSE,FALSE,FALSE,FALSE,Low
33,2024,10,6,15,6,5,FALSE,FALSE,FALSE,FALSE,FALSE,TRUE,Medium
95,2024,10,25,20,6,0,TRUE,FALSE,FALSE,FALSE,FALSE,FALSE,High
63,2024,10,16,2,10,1,FALSE,FALSE,FALSE,FALSE,FALSE,TRUE,Medium
82,2024,10,5,6,13,1,TRUE,FALSE,FALSE,FALSE,FALSE,FALSE,High
17,2024,10,28,11,13,0,TRUE,FALSE,FALSE,FALSE,FALSE,FALSE,Low
97,2024,10,3,23,6,3,FALSE,FALSE,FALSE,TRUE,FALSE,FALSE,High
14,2024,10,7,1,8,0,FALSE,FALSE,FALSE,FALSE,FALSE,TRUE,Low
61,2024,10,28,16,17,4,FALSE,FALSE,FALSE,FALSE,FALSE,TRUE,Medium
51,2024,10,30,16,0,0,FALSE,FALSE,FALSE,FALSE,TRUE,FALSE,Medium
19,2024,10,29,4,1,5,FALSE,FALSE,FALSE,FALSE,FALSE,TRUE,Low
52,2024,10,18,6,22,5,FALSE,FALSE,FALSE,FALSE,TRUE,FALSE,Medium
7,2024,10,11,6,2,5,TRUE,FALSE,FALSE,FALSE,FALSE,FALSE,Low
43,2024,10,30,16,22,5,FALSE,FALSE,TRUE,FALSE,FALSE,FALSE,Medium
28,2024,10,16,22,13,4,FALSE,FALSE,FALSE,FALSE,TRUE,FALSE,Low
27,2024,10,25,17,18,3,FALSE,FALSE,FALSE,FALSE,FALSE,TRUE,Low
57,2024,10,15,11,20,4,FALSE,FALSE,FALSE,TRUE,FALSE,FALSE,Medium
78,2024,10,29,3,13,4,TRUE,FALSE,FALSE,FALSE,FALSE,FALSE,High
64,2024,10,10,4,10,2,FALSE,FALSE,FALSE,TRUE,FALSE,FALSE,Medium
35,2024,10,14,14,22,5,FALSE,FALSE,FALSE,FALSE,TRUE,FALSE,Medium
30,2024,10,10,17,9,4,FALSE,FALSE,FALSE,FALSE,FALSE,TRUE,Medium
19,2024,10,19,10,7,3,TRUE,FALSE,FALSE,FALSE,FALSE,FALSE,Low
15,2024,10,10,18,8,4,FALSE,FALSE,TRUE,FALSE,FALSE,FALSE,Low
65,2024,10,3,21,6,5,TRUE,FALSE,FALSE,FALSE,FALSE,FALSE,Medium
25,2024,10,3,20,22,3,FALSE,TRUE,FALSE,FALSE,FALSE,FALSE,Low
44,2024,10,25,4,21,5,FALSE,FALSE,FALSE,FALSE,TRUE,FALSE,Medium
43,2024,10,13,15,12,5,FALSE,FALSE,TRUE,FALSE,FALSE,FALSE,Medium
52,2024,10,14,12,13,1,FALSE,FALSE,FALSE,FALSE,TRUE,FALSE,Medium
38,2024,10,25,23,12,5,FALSE,FALSE,FALSE,TRUE,FALSE,FALSE,Medium
3,2024,10,24,8,1,2,FALSE,TRUE,FALSE,FALSE,FALSE,FALSE,Low
46,2024,10,23,8,2,3,FALSE,TRUE,FALSE,FALSE,FALSE,FALSE,Medium
59,2024,10,25,11,10,4,TRUE,FALSE,FALSE,FALSE,FALSE,FALSE,Medium
60,2024,10,12,19,22,3,FALSE,FALSE,FALSE,TRUE,FALSE,FALSE,Medium
15,2024,10,27,22,2,3,FALSE,FALSE,TRUE,FALSE,FALSE,FALSE,Low
17,2024,10,25,18,12,0,FALSE,TRUE,FALSE,FALSE,FALSE,FALSE,Low
49,2024,10,30,3,11,5,FALSE,FALSE,FALSE,FALSE,TRUE,FALSE,Medium
14,2024,10,29,1,7,2,FALSE,FALSE,FALSE,FALSE,FALSE,TRUE,Low
3,2024,10,15,6,7,3,FALSE,TRUE,FALSE,FALSE,FALSE,FALSE,Low
97,2024,10,16,18,18,4,FALSE,FALSE,FALSE,FALSE,FALSE,TRUE,High
25,2024,10,4,21,3,0,TRUE,FALSE,FALSE,FALSE,FALSE,FALSE,Low
18,2024,10,2,3,5,5,FALSE,TRUE,FALSE,FALSE,FALSE,FALSE,Low
29,2024,10,17,21,16,4,FALSE,TRUE,FALSE,FALSE,FALSE,FALSE,Low
49,2024,10,12,8,14,4,FALSE,FALSE,FALSE,TRUE,FALSE,FALSE,Medium
68,2024,10,23,7,23,2,FALSE,FALSE,FALSE,FALSE,TRUE,FALSE,Medium
98,2024,10,30,15,16,5,TRUE,FALSE,FALSE,FALSE,FALSE,FALSE,High
43,2024,10,26,8,5,4,FALSE,TRUE,FALSE,FALSE,FALSE,FALSE,Medium
66,2024,10,1,2,8,2,FALSE,FALSE,FALSE,FALSE,FALSE,TRUE,Medium
67,2024,10,5,18,16,2,FALSE,FALSE,FALSE,FALSE,TRUE,FALSE,Medium
35,2024,10,22,11,11,0,FALSE,FALSE,FALSE,FALSE,TRUE,FALSE,Medium
33,2024,10,14,9,0,5,FALSE,FALSE,FALSE,FALSE,TRUE,FALSE,Medium
69,2024,10,7,1,19,3,TRUE,FALSE,FALSE,FALSE,FALSE,FALSE,Medium
12,2024,10,13,14,8,3,FALSE,FALSE,FALSE,TRUE,FALSE,FALSE,Low
95,2024,10,23,18,10,4,FALSE,TRUE,FALSE,FALSE,FALSE,FALSE,High
37,2024,10,27,0,2,0,FALSE,FALSE,FALSE,FALSE,TRUE,FALSE,Medium
49,2024,10,30,12,7,2,FALSE,FALSE,FALSE,TRUE,FALSE,FALSE,Medium
19,2024,10,15,16,6,0,FALSE,FALSE,TRUE,FALSE,FALSE,FALSE,Low
10,2024,10,17,5,1,4,FALSE,FALSE,FALSE,FALSE,FALSE,TRUE,Low
4,2024,10,14,23,6,0,FALSE,FALSE,TRUE,FALSE,FALSE,FALSE,Low
91,2024,10,3,18,10,1,FALSE,FALSE,FALSE,TRUE,FALSE,FALSE,High
20,2024,10,27,19,16,1,FALSE,TRUE,FALSE,FALSE,FALSE,FALSE,Low
84,2024,10,30,2,16,3,TRUE,FALSE,FALSE,FALSE,FALSE,FALSE,High
2,2024,10,19,17,11,0,TRUE,FALSE,FALSE,FALSE,FALSE,FALSE,Low
37,2024,10,18,6,5,3,FALSE,FALSE,FALSE,FALSE,TRUE,FALSE,Medium
6,2024,10,16,9,23,1,TRUE,FALSE,FALSE,FALSE,FALSE,FALSE,Low
8,2024,10,29,16,3,5,FALSE,FALSE,FALSE,FALSE,FALSE,TRUE,Low
91,2024,10,9,2,14,5,FALSE,FALSE,TRUE,FALSE,FALSE,FALSE,High
19,2024,10,27,15,10,4,TRUE,FALSE,FALSE,FALSE,FALSE,FALSE,Low
91,2024,10,24,9,16,0,FALSE,FALSE,TRUE,FALSE,FALSE,FALSE,High
79,2024,10,7,15,17,4,FALSE,FALSE,TRUE,FALSE,FALSE,FALSE,High
16,2024,10,29,11,13,4,FALSE,FALSE,FALSE,FALSE,FALSE,TRUE,Low
84,2024,10,23,5,10,5,FALSE,FALSE,TRUE,FALSE,FALSE,FALSE,High
89,2024,10,26,12,5,5,FALSE,TRUE,FALSE,FALSE,FALSE,FALSE,High
11,2024,10,3,22,16,2,TRUE,FALSE,FALSE,FALSE,FALSE,FALSE,Low
31,2024,10,7,20,9,1,FALSE,TRUE,FALSE,FALSE,FALSE,FALSE,Medium
64,2024,10,25,8,17,1,FALSE,FALSE,FALSE,TRUE,FALSE,FALSE,Medium
15,2024,10,25,10,16,1,FALSE,FALSE,FALSE,FALSE,FALSE,TRUE,Low
33,2024,10,10,10,17,1,FALSE,TRUE,FALSE,FALSE,FALSE,FALSE,Medium
91,2024,10,29,7,1,2,FALSE,TRUE,FALSE,FALSE,FALSE,FALSE,High
58,2024,10,9,8,4,4,FALSE,TRUE,FALSE,FALSE,FALSE,FALSE,Medium
61,2024,10,30,23,0,4,FALSE,FALSE,FALSE,TRUE,FALSE,FALSE,Medium
21,2024,10,23,13,8,4,TRUE,FALSE,FALSE,FALSE,FALSE,FALSE,Low
37,2024,10,16,17,16,0,FALSE,FALSE,FALSE,FALSE,FALSE,TRUE,Medium
24,2024,10,20,22,17,4,FALSE,TRUE,FALSE,FALSE,FALSE,FALSE,Low
4,2024,10,9,5,1,4,FALSE,FALSE,FALSE,TRUE,FALSE,FALSE,Low
98,2024,10,21,6,11,3,TRUE,FALSE,FALSE,FALSE,FALSE,FALSE,High
34,2024,10,14,9,2,0,FALSE,FALSE,FALSE,FALSE,TRUE,FALSE,Medium
98,2024,10,8,3,8,0,FALSE,FALSE,TRUE,FALSE,FALSE,FALSE,High
2,2024,10,1,1,3,4,TRUE,FALSE,FALSE,FALSE,FALSE,FALSE,Low
89,2024,10,15,6,21,3,FALSE,FALSE,FALSE,FALSE,FALSE,TRUE,High
85,2024,10,1,16,5,5,FALSE,FALSE,TRUE,FALSE,FALSE,FALSE,High
83,2024,10,10,7,2,5,FALSE,FALSE,TRUE,FALSE,FALSE,FALSE,High
63,2024,10,28,17,0,2,TRUE,FALSE,FALSE,FALSE,FALSE,FALSE,Medium
57,2024,10,16,20,8,1,FALSE,FALSE,FALSE,FALSE,TRUE,FALSE,Medium
35,2024,10,9,23,16,1,FALSE,FALSE,FALSE,FALSE,TRUE,FALSE,Medium
64,2024,10,14,19,8,4,FALSE,TRUE,FALSE,FALSE,FALSE,FALSE,Medium
84,2024,10,5,7,18,0,FALSE,FALSE,FALSE,FALSE,TRUE,FALSE,High
86,2024,10,11,18,0,4,TRUE,FALSE,FALSE,FALSE,FALSE,FALSE,High
66,2024,10,25,5,4,2,TRUE,FALSE,FALSE,FALSE,FALSE,FALSE,Medium
73,2024,10,14,1,9,5,TRUE,FALSE,FALSE,FALSE,FALSE,FALSE,High
21,2024,10,20,18,17,0,FALSE,TRUE,FALSE,FALSE,FALSE,FALSE,Low
15,2024,10,26,4,13,1,FALSE,TRUE,FALSE,FALSE,FALSE,FALSE,Low
99,2024,10,2,19,6,4,FALSE,TRUE,FALSE,FALSE,FALSE,FALSE,High
20,2024,10,24,23,13,3,TRUE,FALSE,FALSE,FALSE,FALSE,FALSE,Low
44,2024,10,6,22,8,4,TRUE,FALSE,FALSE,FALSE,FALSE,FALSE,Medium
75,2024,10,8,15,3,1,FALSE,FALSE,FALSE,FALSE,FALSE,TRUE,High
54,2024,10,17,10,5,1,FALSE,FALSE,FALSE,FALSE,TRUE,FALSE,Medium
49,2024,10,23,10,9,4,FALSE,FALSE,FALSE,FALSE,TRUE,FALSE,Medium
48,2024,10,4,8,4,2,FALSE,FALSE,FALSE,FALSE,TRUE,FALSE,Medium
1,2024,10,7,15,23,0,FALSE,TRUE,FALSE,FALSE,FALSE,FALSE,Low
62,2024,10,11,21,23,0,FALSE,FALSE,TRUE,FALSE,FALSE,FALSE,Medium
98,2024,10,19,8,18,5,TRUE,FALSE,FALSE,FALSE,FALSE,FALSE,High
58,2024,10,23,21,6,4,TRUE,FALSE,FALSE,FALSE,FALSE,FALSE,Medium
47,2024,10,6,11,23,4,FALSE,FALSE,FALSE,TRUE,FALSE,FALSE,Medium
17,2024,10,18,17,0,5,FALSE,FALSE,FALSE,FALSE,FALSE,TRUE,Low
65,2024,10,4,14,21,2,TRUE,FALSE,FALSE,FALSE,FALSE,FALSE,Medium
70,2024,10,15,11,13,1,FALSE,TRUE,FALSE,FALSE,FALSE,FALSE,High
62,2024,10,9,14,4,3,FALSE,FALSE,FALSE,FALSE,FALSE,TRUE,Medium
28,2024,10,27,12,6,2,FALSE,FALSE,FALSE,FALSE,TRUE,FALSE,Low
29,2024,10,5,16,18,1,TRUE,FALSE,FALSE,FALSE,FALSE,FALSE,Low
85,2024,10,4,8,19,2,FALSE,FALSE,FALSE,FALSE,FALSE,TRUE,High
63,2024,10,30,5,15,3,FALSE,FALSE,FALSE,FALSE,FALSE,TRUE,Medium
95,2024,10,6,0,21,5,FALSE,FALSE,FALSE,FALSE,TRUE,FALSE,High
35,2024,10,12,13,2,3,FALSE,FALSE,TRUE,FALSE,FALSE,FALSE,Medium
27,2024,10,26,2,0,2,FALSE,FALSE,FALSE,TRUE,FALSE,FALSE,Low
22,2024,10,25,7,20,1,FALSE,FALSE,FALSE,FALSE,FALSE,TRUE,Low
23,2024,10,22,1,20,3,FALSE,TRUE,FALSE,FALSE,FALSE,FALSE,Low
72,2024,10,13,12,6,3,FALSE,FALSE,FALSE,FALSE,TRUE,FALSE,High
12,2024,10,24,10,3,2,FALSE,TRUE,FALSE,FALSE,FALSE,FALSE,Low
53,2024,10,25,4,18,3,FALSE,FALSE,FALSE,TRUE,FALSE,FALSE,Medium
15,2024,10,23,21,17,3,FALSE,FALSE,FALSE,TRUE,FALSE,FALSE,Low
15,2024,10,9,2,14,0,TRUE,FALSE,FALSE,FALSE,FALSE,FALSE,Low
16,2024,10,20,9,8,3,FALSE,TRUE,FALSE,FALSE,FALSE,FALSE,Low
58,2024,10,31,0,1,2,FALSE,FALSE,TRUE,FALSE,FALSE,FALSE,Medium
26,2024,10,22,22,8,4,FALSE,TRUE,FALSE,FALSE,FALSE,FALSE,Low
21,2024,10,14,9,9,5,FALSE,FALSE,FALSE,FALSE,FALSE,TRUE,Low
96,2024,10,19,7,4,4,FALSE,FALSE,FALSE,TRUE,FALSE,FALSE,High
77,2024,10,18,1,4,3,FALSE,FALSE,TRUE,FALSE,FALSE,FALSE,High
31,2024,10,4,10,1,1,FALSE,TRUE,FALSE,FALSE,FALSE,FALSE,Medium
51,2024,10,12,22,23,3,TRUE,FALSE,FALSE,FALSE,FALSE,FALSE,Medium
12,2024,10,6,7,3,2,FALSE,TRUE,FALSE,FALSE,FALSE,FALSE,Low
19,2024,10,19,12,12,5,TRUE,FALSE,FALSE,FALSE,FALSE,FALSE,Low
29,2024,10,7,11,23,2,FALSE,FALSE,FALSE,TRUE,FALSE,FALSE,Low
5,2024,10,6,18,1,2,FALSE,TRUE,FALSE,FALSE,FALSE,FALSE,Low
87,2024,10,12,9,16,2,FALSE,FALSE,FALSE,FALSE,TRUE,FALSE,High
44,2024,10,15,7,20,1,FALSE,FALSE,FALSE,TRUE,FALSE,FALSE,Medium
38,2024,10,13,3,9,2,FALSE,TRUE,FALSE,FALSE,FALSE,FALSE,Medium
32,2024,10,8,6,2,3,FALSE,TRUE,FALSE,FALSE,FALSE,FALSE,Medium
1,2024,10,29,3,3,4,FALSE,FALSE,FALSE,FALSE,TRUE,FALSE,Low
10,2024,10,7,0,13,1,FALSE,FALSE,FALSE,FALSE,FALSE,TRUE,Low
56,2024,10,11,20,3,0,FALSE,TRUE,FALSE,FALSE,FALSE,FALSE,Medium
43,2024,10,22,1,22,3,FALSE,TRUE,FALSE,FALSE,FALSE,FALSE,Medium
100,2024,10,5,21,13,0,TRUE,FALSE,FALSE,FALSE,FALSE,FALSE,High
30,2024,10,22,23,21,4,FALSE,FALSE,TRUE,FALSE,FALSE,FALSE,Medium
60,2024,10,16,6,18,0,TRUE,FALSE,FALSE,FALSE,FALSE,FALSE,Medium
97,2024,10,4,12,9,3,FALSE,TRUE,FALSE,FALSE,FALSE,FALSE,High
2,2024,10,8,2,18,0,FALSE,FALSE,FALSE,FALSE,TRUE,FALSE,Low
40,2024,10,23,11,16,5,FALSE,FALSE,FALSE,TRUE,FALSE,FALSE,Medium
74,2024,10,18,23,23,5,FALSE,TRUE,FALSE,FALSE,FALSE,FALSE,High
75,2024,10,30,13,1,3,FALSE,FALSE,TRUE,FALSE,FALSE,FALSE,High
94,2024,10,18,2,9,1,TRUE,FALSE,FALSE,FALSE,FALSE,FALSE,High
34,2024,10,25,10,12,0,FALSE,FALSE,FALSE,FALSE,TRUE,FALSE,Medium
42,2024,10,15,5,10,5,FALSE,FALSE,FALSE,FALSE,FALSE,TRUE,Medium
48,2024,10,28,17,2,1,FALSE,FALSE,FALSE,FALSE,FALSE,TRUE,Medium
36,2024,10,2,14,3,3,TRUE,FALSE,FALSE,FALSE,FALSE,FALSE,Medium
57,2024,10,6,11,18,1,FALSE,TRUE,FALSE,FALSE,FALSE,FALSE,Medium
64,2024,10,5,3,16,3,FALSE,FALSE,FALSE,FALSE,TRUE,FALSE,Medium
34,2024,10,16,0,19,4,FALSE,FALSE,TRUE,FALSE,FALSE,FALSE,Medium
70,2024,10,11,5,1,3,FALSE,FALSE,FALSE,TRUE,FALSE,FALSE,High
30,2024,10,18,14,18,4,FALSE,FALSE,FALSE,TRUE,FALSE,FALSE,Medium
48,2024,10,5,3,12,2,FALSE,FALSE,FALSE,TRUE,FALSE,FALSE,Medium
43,2024,10,3,2,17,2,FALSE,TRUE,FALSE,FALSE,FALSE,FALSE,Medium
34,2024,10,17,6,21,2,FALSE,FALSE,FALSE,TRUE,FALSE,FALSE,Medium
19,2024,10,11,10,4,3,FALSE,FALSE,FALSE,FALSE,TRUE,FALSE,Low
9,2024,10,12,6,13,1,FALSE,FALSE,FALSE,FALSE,TRUE,FALSE,Low
15,2024,10,5,10,11,2,FALSE,FALSE,FALSE,TRUE,FALSE,FALSE,Low
59,2024,10,8,20,21,2,FALSE,FALSE,TRUE,FALSE,FALSE,FALSE,Medium
13,2024,10,6,10,14,2,TRUE,FALSE,FALSE,FALSE,FALSE,FALSE,Low
91,2024,10,10,3,10,1,FALSE,FALSE,TRUE,FALSE,FALSE,FALSE,High
90,2024,10,3,1,21,2,FALSE,FALSE,FALSE,FALSE,FALSE,TRUE,High
80,2024,10,1,4,9,5,TRUE,FALSE,FALSE,FALSE,FALSE,FALSE,High
5,2024,10,5,15,13,0,FALSE,TRUE,FALSE,FALSE,FALSE,FALSE,Low
53,2024,10,1,1,2,0,FALSE,FALSE,TRUE,FALSE,FALSE,FALSE,Medium
88,2024,10,16,22,16,3,FALSE,FALSE,FALSE,FALSE,TRUE,FALSE,High
2,2024,10,4,11,22,0,FALSE,FALSE,TRUE,FALSE,FALSE,FALSE,Low
45,2024,10,7,14,18,1,FALSE,TRUE,FALSE,FALSE,FALSE,FALSE,Medium
26,2024,10,25,18,2,1,FALSE,FALSE,FALSE,FALSE,FALSE,TRUE,Low
52,2024,10,10,17,23,2,TRUE,FALSE,FALSE,FALSE,FALSE,FALSE,Medium
57,2024,10,11,19,9,4,TRUE,FALSE,FALSE,FALSE,FALSE,FALSE,Medium
51,2024,10,6,0,9,0,FALSE,FALSE,FALSE,FALSE,FALSE,TRUE,Medium
48,2024,10,26,21,19,0,TRUE,FALSE,FALSE,FALSE,FALSE,FALSE,Medium
51,2024,10,4,22,12,2,FALSE,FALSE,TRUE,FALSE,FALSE,FALSE,Medium
85,2024,10,13,12,21,1,FALSE,FALSE,FALSE,FALSE,TRUE,FALSE,High
50,2024,10,1,10,2,5,FALSE,FALSE,FALSE,FALSE,FALSE,TRUE,Medium
75,2024,10,5,4,7,0,FALSE,FALSE,FALSE,FALSE,FALSE,TRUE,High
60,2024,10,15,7,4,3,FALSE,FALSE,FALSE,FALSE,FALSE,TRUE,Medium
87,2024,10,5,6,23,0,FALSE,FALSE,TRUE,FALSE,FALSE,FALSE,High
61,2024,10,23,5,5,0,FALSE,FALSE,FALSE,FALSE,TRUE,FALSE,Medium
22,2024,10,1,19,8,0,FALSE,FALSE,FALSE,FALSE,TRUE,FALSE,Low
57,2024,10,2,4,2,0,FALSE,FALSE,FALSE,FALSE,TRUE,FALSE,Medium
76,2024,10,28,3,19,2,FALSE,FALSE,FALSE,TRUE,FALSE,FALSE,High
42,2024,10,23,1,15,0,TRUE,FALSE,FALSE,FALSE,FALSE,FALSE,Medium
79,2024,10,14,4,5,4,FALSE,FALSE,TRUE,FALSE,FALSE,FALSE,High
24,2024,10,7,9,1,5,FALSE,FALSE,TRUE,FALSE,FALSE,FALSE,Low
60,2024,10,19,4,15,2,FALSE,TRUE,FALSE,FALSE,FALSE,FALSE,Medium
48,2024,10,7,6,12,2,FALSE,FALSE,TRUE,FALSE,FALSE,FALSE,Medium
57,2024,10,12,2,21,0,FALSE,FALSE,FALSE,FALSE,FALSE,TRUE,Medium
1,2024,10,20,13,4,5,FALSE,FALSE,FALSE,FALSE,TRUE,FALSE,Low
100,2024,10,29,21,12,0,FALSE,FALSE,FALSE,FALSE,FALSE,TRUE,High
94,2024,10,21,1,8,2,FALSE,TRUE,FALSE,FALSE,FALSE,FALSE,High
63,2024,10,25,0,19,4,FALSE,FALSE,FALSE,FALSE,TRUE,FALSE,Medium
3,2024,10,24,23,8,5,FALSE,TRUE,FALSE,FALSE,FALSE,FALSE,Low
3,2024,10,8,7,12,2,TRUE,FALSE,FALSE,FALSE,FALSE,FALSE,Low
22,2024,10,26,6,16,5,FALSE,FALSE,FALSE,FALSE,FALSE,TRUE,Low
38,2024,10,17,16,18,5,FALSE,TRUE,FALSE,FALSE,FALSE,FALSE,Medium
32,2024,10,30,7,1,4,FALSE,FALSE,FALSE,FALSE,TRUE,FALSE,Medium
8,2024,10,28,23,0,2,FALSE,TRUE,FALSE,FALSE,FALSE,FALSE,Low
23,2024,10,5,0,14,1,FALSE,FALSE,FALSE,FALSE,FALSE,TRUE,Low
71,2024,10,24,0,13,2,FALSE,FALSE,TRUE,FALSE,FALSE,FALSE,High
41,2024,10,23,18,15,4,FALSE,FALSE,TRUE,FALSE,FALSE,FALSE,Medium
24,2024,10,23,1,11,5,TRUE,FALSE,FALSE,FALSE,FALSE,FALSE,Low
22,2024,10,15,21,2,4,FALSE,FALSE,FALSE,TRUE,FALSE,FALSE,Low
66,2024,10,11,15,10,1,FALSE,FALSE,FALSE,FALSE,TRUE,FALSE,Medium
97,2024,10,28,20,18,3,FALSE,FALSE,TRUE,FALSE,FALSE,FALSE,High
9,2024,10,27,0,13,2,FALSE,FALSE,FALSE,TRUE,FALSE,FALSE,Low
32,2024,10,3,13,8,2,TRUE,FALSE,FALSE,FALSE,FALSE,FALSE,Medium
87,2024,10,28,6,6,3,TRUE,FALSE,FALSE,FALSE,FALSE,FALSE,High
67,2024,10,30,21,1,1,TRUE,FALSE,FALSE,FALSE,FALSE,FALSE,Medium
45,2024,10,30,11,19,0,FALSE,FALSE,FALSE,FALSE,TRUE,FALSE,Medium
41,2024,10,9,4,8,3,FALSE,TRUE,FALSE,FALSE,FALSE,FALSE,Medium
82,2024,10,16,1,8,4,TRUE,FALSE,FALSE,FALSE,FALSE,FALSE,High
7,2024,10,15,21,0,4,FALSE,FALSE,FALSE,TRUE,FALSE,FALSE,Low
77,2024,10,20,21,22,1,FALSE,FALSE,FALSE,FALSE,TRUE,FALSE,High
94,2024,10,29,7,21,2,FALSE,FALSE,FALSE,TRUE,FALSE,FALSE,High
69,2024,10,7,9,10,3,TRUE,FALSE,FALSE,FALSE,FALSE,FALSE,Medium
64,2024,10,2,9,15,4,TRUE,FALSE,FALSE,FALSE,FALSE,FALSE,Medium
50,2024,10,28,22,17,3,FALSE,FALSE,FALSE,TRUE,FALSE,FALSE,Medium
16,2024,10,20,21,20,0,FALSE,FALSE,TRUE,FALSE,FALSE,FALSE,Low
51,2024,10,19,4,19,3,FALSE,FALSE,FALSE,TRUE,FALSE,FALSE,Medium
34,2024,10,1,11,6,2,FALSE,FALSE,TRUE,FALSE,FALSE,FALSE,Medium
57,2024,10,11,22,12,0,FALSE,TRUE,FALSE,FALSE,FALSE,FALSE,Medium
18,2024,10,9,16,0,1,FALSE,FALSE,TRUE,FALSE,FALSE,FALSE,Low
60,2024,10,2,13,23,5,FALSE,FALSE,TRUE,FALSE,FALSE,FALSE,Medium
59,2024,10,10,13,15,2,TRUE,FALSE,FALSE,FALSE,FALSE,FALSE,Medium
89,2024,10,21,0,2,5,TRUE,FALSE,FALSE,FALSE,FALSE,FALSE,High
39,2024,10,17,0,13,2,TRUE,FALSE,FALSE,FALSE,FALSE,FALSE,Medium
96,2024,10,21,19,18,3,FALSE,TRUE,FALSE,FALSE,FALSE,FALSE,High
5,2024,10,28,14,20,1,TRUE,FALSE,FALSE,FALSE,FALSE,FALSE,Low
53,2024,10,23,20,11,5,TRUE,FALSE,FALSE,FALSE,FALSE,FALSE,Medium
39,2024,10,21,3,1,5,FALSE,FALSE,TRUE,FALSE,FALSE,FALSE,Medium
27,2024,10,9,8,21,1,FALSE,FALSE,FALSE,FALSE,FALSE,TRUE,Low
87,2024,10,6,12,3,3,FALSE,FALSE,FALSE,FALSE,FALSE,TRUE,High
42,2024,10,19,17,17,4,FALSE,FALSE,FALSE,FALSE,TRUE,FALSE,Medium
11,2024,10,23,7,15,3,TRUE,FALSE,FALSE,FALSE,FALSE,FALSE,Low
45,2024,10,27,22,3,1,TRUE,FALSE,FALSE,FALSE,FALSE,FALSE,Medium
51,2024,10,17,8,17,1,TRUE,FALSE,FALSE,FALSE,FALSE,FALSE,Medium
86,2024,10,2,4,21,0,TRUE,FALSE,FALSE,FALSE,FALSE,FALSE,High
19,2024,10,8,11,6,4,FALSE,FALSE,FALSE,TRUE,FALSE,FALSE,Low
99,2024,10,23,10,1,3,TRUE,FALSE,FALSE,FALSE,FALSE,FALSE,High
58,2024,10,4,4,21,2,FALSE,TRUE,FALSE,FALSE,FALSE,FALSE,Medium
89,2024,10,11,8,23,0,TRUE,FALSE,FALSE,FALSE,FALSE,FALSE,High
1,2024,10,7,11,6,4,FALSE,TRUE,FALSE,FALSE,FALSE,FALSE,Low
81,2024,10,5,1,14,3,FALSE,FALSE,TRUE,FALSE,FALSE,FALSE,High
40,2024,10,21,3,20,5,FALSE,FALSE,FALSE,TRUE,FALSE,FALSE,Medium
80,2024,10,6,17,10,4,FALSE,FALSE,TRUE,FALSE,FALSE,FALSE,High
57,2024,10,18,7,11,5,FALSE,FALSE,TRUE,FALSE,FALSE,FALSE,Medium
60,2024,10,25,19,7,0,TRUE,FALSE,FALSE,FALSE,FALSE,FALSE,Medium
41,2024,10,24,5,13,5,FALSE,FALSE,FALSE,TRUE,FALSE,FALSE,Medium
63,2024,10,4,14,20,5,FALSE,FALSE,TRUE,FALSE,FALSE,FALSE,Medium
98,2024,10,8,0,11,1,FALSE,FALSE,FALSE,TRUE,FALSE,FALSE,High
86,2024,10,10,4,6,3,TRUE,FALSE,FALSE,FALSE,FALSE,FALSE,High
99,2024,10,28,7,1,5,FALSE,FALSE,FALSE,FALSE,FALSE,TRUE,High
11,2024,10,5,3,17,0,FALSE,FALSE,TRUE,FALSE,FALSE,FALSE,Low
67,2024,10,21,17,6,2,FALSE,FALSE,FALSE,TRUE,FALSE,FALSE,Medium
57,2024,10,30,6,9,1,FALSE,FALSE,FALSE,TRUE,FALSE,FALSE,Medium
90,2024,10,11,0,20,0,TRUE,FALSE,FALSE,FALSE,FALSE,FALSE,High
99,2024,10,4,9,15,1,FALSE,FALSE,TRUE,FALSE,FALSE,FALSE,High
75,2024,10,16,6,8,0,FALSE,TRUE,FALSE,FALSE,FALSE,FALSE,High
61,2024,10,21,9,3,4,FALSE,FALSE,FALSE,FALSE,TRUE,FALSE,Medium
75,2024,10,28,4,16,1,FALSE,FALSE,FALSE,TRUE,FALSE,FALSE,High
74,2024,10,2,3,3,3,FALSE,FALSE,TRUE,FALSE,FALSE,FALSE,High
25,2024,10,21,11,18,1,FALSE,FALSE,FALSE,FALSE,FALSE,TRUE,Low
86,2024,10,15,3,14,5,FALSE,FALSE,FALSE,FALSE,TRUE,FALSE,High
53,2024,10,24,13,0,4,FALSE,FALSE,FALSE,FALSE,TRUE,FALSE,Medium
94,2024,10,18,10,11,4,FALSE,FALSE,TRUE,FALSE,FALSE,FALSE,High
64,2024,10,15,5,11,1,FALSE,FALSE,FALSE,TRUE,FALSE,FALSE,Medium
16,2024,10,7,13,8,5,FALSE,FALSE,FALSE,FALSE,FALSE,TRUE,Low
83,2024,10,19,8,18,0,TRUE,FALSE,FALSE,FALSE,FALSE,FALSE,High
61,2024,10,26,7,20,5,FALSE,TRUE,FALSE,FALSE,FALSE,FALSE,Medium
32,2024,10,27,15,22,2,TRUE,FALSE,FALSE,FALSE,FALSE,FALSE,Medium
22,2024,10,19,23,4,1,FALSE,FALSE,FALSE,TRUE,FALSE,FALSE,Low
13,2024,10,15,5,15,5,FALSE,TRUE,FALSE,FALSE,FALSE,FALSE,Low
52,2024,10,18,11,8,0,FALSE,FALSE,TRUE,FALSE,FALSE,FALSE,Medium
9,2024,10,29,4,20,3,FALSE,FALSE,FALSE,FALSE,FALSE,TRUE,Low
72,2024,10,10,19,19,2,TRUE,FALSE,FALSE,FALSE,FALSE,FALSE,High
66,2024,10,12,23,10,1,FALSE,FALSE,FALSE,FALSE,FALSE,TRUE,Medium
64,2024,10,27,13,9,0,FALSE,TRUE,FALSE,FALSE,FALSE,FALSE,Medium
64,2024,10,17,9,15,5,FALSE,FALSE,FALSE,FALSE,TRUE,FALSE,Medium
36,2024,10,20,5,12,4,FALSE,FALSE,FALSE,FALSE,TRUE,FALSE,Medium
54,2024,10,22,18,0,1,FALSE,FALSE,FALSE,FALSE,TRUE,FALSE,Medium
45,2024,10,25,7,15,5,FALSE,FALSE,FALSE,FALSE,FALSE,TRUE,Medium
26,2024,10,18,7,20,1,TRUE,FALSE,FALSE,FALSE,FALSE,FALSE,Low
67,2024,10,7,15,23,4,TRUE,FALSE,FALSE,FALSE,FALSE,FALSE,Medium
50,2024,10,11,16,6,4,FALSE,FALSE,TRUE,FALSE,FALSE,FALSE,Medium
86,2024,10,18,12,20,0,FALSE,FALSE,FALSE,FALSE,TRUE,FALSE,High
60,2024,10,5,19,5,4,FALSE,FALSE,FALSE,FALSE,FALSE,TRUE,Medium
49,2024,10,26,6,17,5,FALSE,FALSE,FALSE,FALSE,TRUE,FALSE,Medium
16,2024,10,16,16,23,0,FALSE,FALSE,FALSE,FALSE,FALSE,TRUE,Low
36,2024,10,1,4,21,4,FALSE,FALSE,FALSE,FALSE,FALSE,TRUE,Medium
74,2024,10,8,8,1,0,FALSE,FALSE,FALSE,FALSE,TRUE,FALSE,High
6,2024,10,16,3,2,1,FALSE,FALSE,FALSE,TRUE,FALSE,FALSE,Low
66,2024,10,28,17,6,1,FALSE,FALSE,FALSE,TRUE,FALSE,FALSE,Medium
7,2024,10,28,16,1,2,FALSE,FALSE,FALSE,FALSE,TRUE,FALSE,Low
45,2024,10,4,11,12,1,TRUE,FALSE,FALSE,FALSE,FALSE,FALSE,Medium
40,2024,10,14,21,8,5,FALSE,FALSE,TRUE,FALSE,FALSE,FALSE,Medium
73,2024,10,6,11,5,0,FALSE,TRUE,FALSE,FALSE,FALSE,FALSE,High
13,2024,10,29,17,1,2,FALSE,FALSE,FALSE,TRUE,FALSE,FALSE,Low
62,2024,10,10,2,0,1,FALSE,FALSE,FALSE,FALSE,FALSE,TRUE,Medium
65,2024,10,14,14,16,1,FALSE,TRUE,FALSE,FALSE,FALSE,FALSE,Medium
21,2024,10,4,10,1,3,FALSE,FALSE,FALSE,FALSE,FALSE,TRUE,Low
60,2024,10,18,3,3,2,FALSE,FALSE,FALSE,FALSE,FALSE,TRUE,Medium
50,2024,10,20,1,0,4,FALSE,FALSE,FALSE,TRUE,FALSE,FALSE,Medium
60,2024,10,9,3,0,3,FALSE,FALSE,FALSE,FALSE,TRUE,FALSE,Medium
84,2024,10,30,19,5,3,FALSE,FALSE,FALSE,FALSE,FALSE,TRUE,High
69,2024,10,16,19,17,4,FALSE,FALSE,FALSE,FALSE,TRUE,FALSE,Medium
18,2024,10,11,21,9,4,FALSE,FALSE,FALSE,FALSE,TRUE,FALSE,Low
36,2024,10,19,0,0,5,FALSE,FALSE,TRUE,FALSE,FALSE,FALSE,Medium
38,2024,10,17,4,21,5,FALSE,FALSE,FALSE,FALSE,FALSE,TRUE,Medium
80,2024,10,6,3,12,0,FALSE,FALSE,FALSE,FALSE,TRUE,FALSE,High
1,2024,10,9,3,14,4,FALSE,FALSE,FALSE,FALSE,FALSE,TRUE,Low
84,2024,10,19,8,15,3,FALSE,FALSE,FALSE,FALSE,TRUE,FALSE,High
72,2024,10,5,10,14,5,TRUE,FALSE,FALSE,FALSE,FALSE,FALSE,High
85,2024,10,20,22,15,5,FALSE,FALSE,FALSE,FALSE,TRUE,FALSE,High
77,2024,10,19,11,15,2,FALSE,FALSE,FALSE,TRUE,FALSE,FALSE,High
20,2024,10,21,9,1,4,FALSE,FALSE,FALSE,FALSE,FALSE,TRUE,Low
48,2024,10,21,23,3,5,FALSE,FALSE,FALSE,FALSE,FALSE,TRUE,Medium
20,2024,10,11,18,14,1,FALSE,TRUE,FALSE,FALSE,FALSE,FALSE,Low
76,2024,10,6,2,13,4,FALSE,FALSE,FALSE,FALSE,FALSE,TRUE,High
25,2024,10,15,16,0,2,FALSE,FALSE,FALSE,TRUE,FALSE,FALSE,Low
83,2024,10,22,11,0,2,FALSE,FALSE,FALSE,FALSE,TRUE,FALSE,High
97,2024,10,10,1,2,1,TRUE,FALSE,FALSE,FALSE,FALSE,FALSE,High
76,2024,10,10,15,20,2,FALSE,TRUE,FALSE,FALSE,FALSE,FALSE,High
69,2024,10,4,18,11,2,TRUE,FALSE,FALSE,FALSE,FALSE,FALSE,Medium
81,2024,10,1,7,17,1,TRUE,FALSE,FALSE,FALSE,FALSE,FALSE,High
44,2024,10,7,7,13,3,FALSE,FALSE,FALSE,FALSE,FALSE,TRUE,Medium
3,2024,10,14,3,22,4,FALSE,FALSE,FALSE,FALSE,TRUE,FALSE,Low
34,2024,10,10,12,9,1,TRUE,FALSE,FALSE,FALSE,FALSE,FALSE,Medium
40,2024,10,16,3,20,3,FALSE,FALSE,FALSE,TRUE,FALSE,FALSE,Medium
92,2024,10,5,11,4,2,FALSE,FALSE,TRUE,FALSE,FALSE,FALSE,High
20,2024,10,8,21,8,4,FALSE,FALSE,FALSE,TRUE,FALSE,FALSE,Low
93,2024,10,19,15,6,0,FALSE,FALSE,FALSE,TRUE,FALSE,FALSE,High
8,2024,10,22,1,16,4,FALSE,FALSE,FALSE,TRUE,FALSE,FALSE,Low
49,2024,10,24,15,7,3,FALSE,FALSE,TRUE,FALSE,FALSE,FALSE,Medium
32,2024,10,14,21,10,5,FALSE,FALSE,TRUE,FALSE,FALSE,FALSE,Medium
38,2024,10,8,17,21,0,FALSE,FALSE,FALSE,FALSE,FALSE,TRUE,Medium
76,2024,10,14,9,16,2,FALSE,FALSE,FALSE,FALSE,TRUE,FALSE,High
12,2024,10,9,17,17,2,TRUE,FALSE,FALSE,FALSE,FALSE,FALSE,Low
43,2024,10,11,4,6,4,TRUE,FALSE,FALSE,FALSE,FALSE,FALSE,Medium
77,2024,10,19,11,20,1,TRUE,FALSE,FALSE,FALSE,FALSE,FALSE,High
86,2024,10,20,19,19,4,FALSE,FALSE,FALSE,TRUE,FALSE,FALSE,High
38,2024,10,11,11,11,2,TRUE,FALSE,FALSE,FALSE,FALSE,FALSE,Medium
86,2024,10,7,20,0,2,FALSE,FALSE,FALSE,TRUE,FALSE,FALSE,High
87,2024,10,26,6,16,4,FALSE,FALSE,FALSE,TRUE,FALSE,FALSE,High
92,2024,10,14,2,21,3,FALSE,FALSE,TRUE,FALSE,FALSE,FALSE,High
52,2024,10,16,8,22,2,FALSE,TRUE,FALSE,FALSE,FALSE,FALSE,Medium
34,2024,10,13,8,11,2,FALSE,FALSE,FALSE,FALSE,TRUE,FALSE,Medium
3,2024,10,10,15,15,2,TRUE,FALSE,FALSE,FALSE,FALSE,FALSE,Low
38,2024,10,9,20,5,3,FALSE,FALSE,FALSE,TRUE,FALSE,FALSE,Medium
72,2024,10,8,18,11,1,FALSE,FALSE,FALSE,FALSE,FALSE,TRUE,High
60,2024,10,20,17,15,4,TRUE,FALSE,FALSE,FALSE,FALSE,FALSE,Medium
26,2024,10,1,21,9,4,FALSE,FALSE,TRUE,FALSE,FALSE,FALSE,Low
78,2024,10,30,0,20,1,FALSE,TRUE,FALSE,FALSE,FALSE,FALSE,High
75,2024,10,26,13,13,1,TRUE,FALSE,FALSE,FALSE,FALSE,FALSE,High
56,2024,10,13,1,21,2,FALSE,TRUE,FALSE,FALSE,FALSE,FALSE,Medium
82,2024,10,29,4,14,5,FALSE,TRUE,FALSE,FALSE,FALSE,FALSE,High
60,2024,10,21,12,16,1,FALSE,TRUE,FALSE,FALSE,FALSE,FALSE,Medium
21,2024,10,8,13,14,3,FALSE,TRUE,FALSE,FALSE,FALSE,FALSE,Low
99,2024,10,17,17,9,2,FALSE,FALSE,FALSE,FALSE,TRUE,FALSE,High
74,2024,10,9,18,13,5,FALSE,FALSE,FALSE,FALSE,TRUE,FALSE,High
22,2024,10,23,10,9,2,FALSE,FALSE,FALSE,FALSE,TRUE,FALSE,Low
50,2024,10,8,5,18,2,FALSE,TRUE,FALSE,FALSE,FALSE,FALSE,Medium
21,2024,10,12,16,8,4,FALSE,TRUE,FALSE,FALSE,FALSE,FALSE,Low
13,2024,10,7,23,21,2,FALSE,FALSE,FALSE,TRUE,FALSE,FALSE,Low
16,2024,10,16,5,15,4,FALSE,FALSE,TRUE,FALSE,FALSE,FALSE,Low
59,2024,10,6,2,21,1,FALSE,FALSE,FALSE,FALSE,TRUE,FALSE,Medium
69,2024,10,19,11,12,3,FALSE,FALSE,TRUE,FALSE,FALSE,FALSE,Medium
73,2024,10,10,21,17,3,FALSE,TRUE,FALSE,FALSE,FALSE,FALSE,High
46,2024,10,8,1,2,0,FALSE,FALSE,FALSE,FALSE,TRUE,FALSE,Medium
83,2024,10,6,6,15,4,FALSE,TRUE,FALSE,FALSE,FALSE,FALSE,High
11,2024,10,4,1,14,3,FALSE,FALSE,TRUE,FALSE,FALSE,FALSE,Low
56,2024,10,10,18,15,5,FALSE,TRUE,FALSE,FALSE,FALSE,FALSE,Medium
74,2024,10,24,23,11,1,FALSE,TRUE,FALSE,FALSE,FALSE,FALSE,High
91,2024,10,13,14,15,3,FALSE,FALSE,FALSE,FALSE,FALSE,TRUE,High
89,2024,10,16,20,6,0,FALSE,TRUE,FALSE,FALSE,FALSE,FALSE,High
55,2024,10,5,1,8,1,FALSE,FALSE,FALSE,FALSE,TRUE,FALSE,Medium
12,2024,10,8,1,7,5,FALSE,FALSE,FALSE,FALSE,TRUE,FALSE,Low
7,2024,10,23,12,0,3,FALSE,TRUE,FALSE,FALSE,FALSE,FALSE,Low
11,2024,10,12,18,11,5,FALSE,FALSE,FALSE,FALSE,FALSE,TRUE,Low
96,2024,10,29,3,12,0,FALSE,TRUE,FALSE,FALSE,FALSE,FALSE,High
41,2024,10,10,1,20,5,TRUE,FALSE,FALSE,FALSE,FALSE,FALSE,Medium
27,2024,10,12,11,5,5,FALSE,TRUE,FALSE,FALSE,FALSE,FALSE,Low
43,2024,10,23,23,21,0,FALSE,TRUE,FALSE,FALSE,FALSE,FALSE,Medium
46,2024,10,2,13,20,3,FALSE,FALSE,FALSE,TRUE,FALSE,FALSE,Medium
66,2024,10,19,11,4,0,FALSE,FALSE,FALSE,FALSE,FALSE,TRUE,Medium
84,2024,10,19,15,21,5,FALSE,FALSE,TRUE,FALSE,FALSE,FALSE,High
75,2024,10,9,4,19,5,FALSE,FALSE,FALSE,TRUE,FALSE,FALSE,High
16,2024,10,24,8,7,0,FALSE,TRUE,FALSE,FALSE,FALSE,FALSE,Low
92,2024,10,13,0,1,0,FALSE,FALSE,FALSE,FALSE,FALSE,TRUE,High
33,2024,10,29,6,1,2,FALSE,FALSE,FALSE,FALSE,FALSE,TRUE,Medium
44,2024,10,26,10,14,2,FALSE,FALSE,FALSE,TRUE,FALSE,FALSE,Medium
28,2024,10,28,14,20,0,FALSE,FALSE,FALSE,TRUE,FALSE,FALSE,Low
32,2024,10,11,20,7,1,FALSE,FALSE,FALSE,TRUE,FALSE,FALSE,Medium
59,2024,10,8,1,11,5,TRUE,FALSE,FALSE,FALSE,FALSE,FALSE,Medium
45,2024,10,10,13,12,1,FALSE,TRUE,FALSE,FALSE,FALSE,FALSE,Medium
53,2024,10,12,18,4,2,FALSE,FALSE,FALSE,FALSE,TRUE,FALSE,Medium
62,2024,10,18,0,22,0,FALSE,FALSE,TRUE,FALSE,FALSE,FALSE,Medium
55,2024,10,3,10,10,0,FALSE,FALSE,TRUE,FALSE,FALSE,FALSE,Medium
31,2024,10,1,7,23,0,FALSE,FALSE,FALSE,FALSE,FALSE,TRUE,Medium
57,2024,10,12,17,22,4,FALSE,FALSE,TRUE,FALSE,FALSE,FALSE,Medium
60,2024,10,14,7,2,2,TRUE,FALSE,FALSE,FALSE,FALSE,FALSE,Medium
38,2024,10,20,23,7,4,FALSE,FALSE,FALSE,FALSE,TRUE,FALSE,Medium
80,2024,10,5,14,3,0,FALSE,FALSE,TRUE,FALSE,FALSE,FALSE,High
66,2024,10,27,12,20,3,TRUE,FALSE,FALSE,FALSE,FALSE,FALSE,Medium
58,2024,10,14,4,18,0,FALSE,FALSE,FALSE,FALSE,FALSE,TRUE,Medium
33,2024,10,28,1,6,3,FALSE,FALSE,FALSE,TRUE,FALSE,FALSE,Medium
73,2024,10,22,5,18,0,FALSE,FALSE,FALSE,FALSE,TRUE,FALSE,High
21,2024,10,22,4,14,1,FALSE,FALSE,FALSE,FALSE,TRUE,FALSE,Low
62,2024,10,11,13,2,5,FALSE,FALSE,TRUE,FALSE,FALSE,FALSE,Medium
61,2024,10,26,21,18,4,FALSE,FALSE,TRUE,FALSE,FALSE,FALSE,Medium
90,2024,10,30,21,21,4,FALSE,TRUE,FALSE,FALSE,FALSE,FALSE,High
26,2024,10,17,4,13,1,FALSE,FALSE,FALSE,TRUE,FALSE,FALSE,Low
63,2024,10,28,0,15,4,FALSE,FALSE,TRUE,FALSE,FALSE,FALSE,Medium
48,2024,10,4,3,12,3,FALSE,FALSE,FALSE,FALSE,TRUE,FALSE,Medium
46,2024,10,25,11,18,1,FALSE,FALSE,TRUE,FALSE,FALSE,FALSE,Medium
26,2024,10,8,12,9,5,FALSE,FALSE,FALSE,TRUE,FALSE,FALSE,Low
34,2024,10,13,1,22,3,FALSE,FALSE,FALSE,TRUE,FALSE,FALSE,Medium
28,2024,10,13,19,0,3,FALSE,FALSE,FALSE,FALSE,TRUE,FALSE,Low
25,2024,10,9,6,9,2,FALSE,TRUE,FALSE,FALSE,FALSE,FALSE,Low
79,2024,10,21,8,4,4,FALSE,FALSE,FALSE,FALSE,TRUE,FALSE,High
26,2024,10,26,23,22,1,FALSE,TRUE,FALSE,FALSE,FALSE,FALSE,Low
24,2024,10,15,10,9,1,FALSE,FALSE,FALSE,TRUE,FALSE,FALSE,Low
69,2024,10,4,16,15,0,TRUE,FALSE,FALSE,FALSE,FALSE,FALSE,Medium
39,2024,10,26,4,11,3,FALSE,FALSE,TRUE,FALSE,FALSE,FALSE,Medium
6,2024,10,30,0,14,2,FALSE,FALSE,FALSE,FALSE,TRUE,FALSE,Low
97,2024,10,14,14,23,0,FALSE,FALSE,FALSE,FALSE,TRUE,FALSE,High
6,2024,10,6,3,18,1,FALSE,TRUE,FALSE,FALSE,FALSE,FALSE,Low
55,2024,10,29,10,22,5,FALSE,FALSE,TRUE,FALSE,FALSE,FALSE,Medium
89,2024,10,26,8,9,1,TRUE,FALSE,FALSE,FALSE,FALSE,FALSE,High
40,2024,10,8,8,3,1,FALSE,FALSE,FALSE,TRUE,FALSE,FALSE,Medium
2,2024,10,29,18,2,1,FALSE,FALSE,FALSE,FALSE,FALSE,TRUE,Low
87,2024,10,21,18,13,1,FALSE,FALSE,FALSE,TRUE,FALSE,FALSE,High
19,2024,10,18,15,2,5,FALSE,FALSE,TRUE,FALSE,FALSE,FALSE,Low
10,2024,10,14,4,23,3,FALSE,FALSE,FALSE,FALSE,FALSE,TRUE,Low
35,2024,10,13,20,17,0,FALSE,TRUE,FALSE,FALSE,FALSE,FALSE,Medium
35,2024,10,11,11,4,4,FALSE,FALSE,TRUE,FALSE,FALSE,FALSE,Medium
74,2024,10,22,11,12,3,FALSE,FALSE,FALSE,TRUE,FALSE,FALSE,High
80,2024,10,6,3,16,3,FALSE,FALSE,FALSE,FALSE,TRUE,FALSE,High
39,2024,10,29,20,4,4,TRUE,FALSE,FALSE,FALSE,FALSE,FALSE,Medium
78,2024,10,16,19,3,3,FALSE,FALSE,FALSE,FALSE,FALSE,TRUE,High
76,2024,10,30,17,6,3,FALSE,TRUE,FALSE,FALSE,FALSE,FALSE,High
22,2024,10,20,21,19,3,FALSE,TRUE,FALSE,FALSE,FALSE,FALSE,Low
24,2024,10,19,17,13,4,TRUE,FALSE,FALSE,FALSE,FALSE,FALSE,Low
60,2024,10,12,11,21,0,TRUE,FALSE,FALSE,FALSE,FALSE,FALSE,Medium
69,2024,10,23,17,13,3,FALSE,FALSE,FALSE,FALSE,TRUE,FALSE,Medium
57,2024,10,6,13,12,1,FALSE,FALSE,FALSE,FALSE,TRUE,FALSE,Medium
56,2024,10,21,15,7,0,FALSE,FALSE,FALSE,FALSE,FALSE,TRUE,Medium
80,2024,10,1,22,19,3,FALSE,FALSE,TRUE,FALSE,FALSE,FALSE,High
52,2024,10,2,23,15,5,TRUE,FALSE,FALSE,FALSE,FALSE,FALSE,Medium
51,2024,10,15,11,19,5,FALSE,FALSE,FALSE,FALSE,FALSE,TRUE,Medium
69,2024,10,10,16,5,4,FALSE,FALSE,FALSE,TRUE,FALSE,FALSE,Medium
93,2024,10,7,23,12,4,FALSE,FALSE,FALSE,FALSE,FALSE,TRUE,High
9,2024,10,8,6,20,0,FALSE,TRUE,FALSE,FALSE,FALSE,FALSE,Low
32,2024,10,28,22,23,1,FALSE,FALSE,FALSE,TRUE,FALSE,FALSE,Medium
41,2024,10,25,22,4,1,TRUE,FALSE,FALSE,FALSE,FALSE,FALSE,Medium
85,2024,10,13,11,3,2,FALSE,FALSE,FALSE,FALSE,TRUE,FALSE,High
41,2024,10,5,16,0,5,FALSE,TRUE,FALSE,FALSE,FALSE,FALSE,Medium
35,2024,10,8,14,20,5,FALSE,TRUE,FALSE,FALSE,FALSE,FALSE,Medium
95,2024,10,4,1,12,1,FALSE,FALSE,TRUE,FALSE,FALSE,FALSE,High
59,2024,10,1,19,7,5,FALSE,FALSE,FALSE,FALSE,FALSE,TRUE,Medium
7,2024,10,23,10,21,4,FALSE,TRUE,FALSE,FALSE,FALSE,FALSE,Low
69,2024,10,14,9,12,1,TRUE,FALSE,FALSE,FALSE,FALSE,FALSE,Medium
100,2024,10,26,19,7,0,TRUE,FALSE,FALSE,FALSE,FALSE,FALSE,High
69,2024,10,24,16,9,5,FALSE,FALSE,FALSE,TRUE,FALSE,FALSE,Medium
43,2024,10,29,20,10,4,FALSE,FALSE,FALSE,FALSE,FALSE,TRUE,Medium
17,2024,10,9,4,5,5,FALSE,FALSE,FALSE,FALSE,TRUE,FALSE,Low
33,2024,10,5,17,0,3,FALSE,FALSE,FALSE,FALSE,FALSE,TRUE,Medium
13,2024,10,21,4,11,4,FALSE,TRUE,FALSE,FALSE,FALSE,FALSE,Low
45,2024,10,20,15,2,1,FALSE,FALSE,TRUE,FALSE,FALSE,FALSE,Medium
43,2024,10,11,11,3,0,FALSE,FALSE,TRUE,FALSE,FALSE,FALSE,Medium
28,2024,10,28,16,22,3,FALSE,TRUE,FALSE,FALSE,FALSE,FALSE,Low
17,2024,10,25,23,17,3,FALSE,TRUE,FALSE,FALSE,FALSE,FALSE,Low
52,2024,10,14,1,14,4,FALSE,FALSE,FALSE,FALSE,FALSE,TRUE,Medium
73,2024,10,13,16,13,1,FALSE,FALSE,TRUE,FALSE,FALSE,FALSE,High
43,2024,10,24,5,4,1,FALSE,TRUE,FALSE,FALSE,FALSE,FALSE,Medium
2,2024,10,11,19,6,3,FALSE,FALSE,FALSE,FALSE,TRUE,FALSE,Low
24,2024,10,30,10,16,1,FALSE,FALSE,FALSE,FALSE,TRUE,FALSE,Low
80,2024,10,12,14,14,3,FALSE,TRUE,FALSE,FALSE,FALSE,FALSE,High
97,2024,10,12,10,6,5,FALSE,TRUE,FALSE,FALSE,FALSE,FALSE,High
100,2024,10,6,23,22,0,TRUE,FALSE,FALSE,FALSE,FALSE,FALSE,High
32,2024,10,30,22,6,3,FALSE,FALSE,FALSE,FALSE,FALSE,TRUE,Medium
41,2024,10,9,12,5,2,FALSE,FALSE,TRUE,FALSE,FALSE,FALSE,Medium
12,2024,10,30,7,18,5,TRUE,FALSE,FALSE,FALSE,FALSE,FALSE,Low
23,2024,10,2,2,20,3,FALSE,TRUE,FALSE,FALSE,FALSE,FALSE,Low
68,2024,10,30,23,5,2,FALSE,TRUE,FALSE,FALSE,FALSE,FALSE,Medium
77,2024,10,14,20,4,4,FALSE,FALSE,FALSE,FALSE,TRUE,FALSE,High
76,2024,10,21,20,15,5,FALSE,FALSE,TRUE,FALSE,FALSE,FALSE,High
34,2024,10,24,4,1,5,TRUE,FALSE,FALSE,FALSE,FALSE,FALSE,Medium
35,2024,10,12,13,10,5,TRUE,FALSE,FALSE,FALSE,FALSE,FALSE,Medium
24,2024,10,8,11,21,2,FALSE,FALSE,TRUE,FALSE,FALSE,FALSE,Low
28,2024,10,18,13,12,3,FALSE,FALSE,FALSE,FALSE,TRUE,FALSE,Low
25,2024,10,18,0,6,2,FALSE,TRUE,FALSE,FALSE,FALSE,FALSE,Low
61,2024,10,26,21,4,3,FALSE,FALSE,TRUE,FALSE,FALSE,FALSE,Medium
52,2024,10,16,17,22,0,FALSE,FALSE,FALSE,TRUE,FALSE,FALSE,Medium
28,2024,10,25,3,10,0,FALSE,TRUE,FALSE,FALSE,FALSE,FALSE,Low
73,2024,10,24,8,15,4,FALSE,FALSE,FALSE,TRUE,FALSE,FALSE,High
37,2024,10,31,0,16,4,FALSE,FALSE,TRUE,FALSE,FALSE,FALSE,Medium
41,2024,10,24,9,16,2,FALSE,FALSE,FALSE,FALSE,TRUE,FALSE,Medium
28,2024,10,25,12,6,3,TRUE,FALSE,FALSE,FALSE,FALSE,FALSE,Low
39,2024,10,8,1,8,0,FALSE,FALSE,FALSE,FALSE,FALSE,TRUE,Medium
16,2024,10,27,8,18,1,FALSE,TRUE,FALSE,FALSE,FALSE,FALSE,Low
26,2024,10,29,12,14,0,FALSE,FALSE,FALSE,FALSE,FALSE,TRUE,Low
13,2024,10,27,8,19,1,FALSE,FALSE,FALSE,FALSE,TRUE,FALSE,Low
35,2024,10,24,19,23,3,FALSE,FALSE,TRUE,FALSE,FALSE,FALSE,Medium
22,2024,10,22,19,6,0,FALSE,FALSE,FALSE,FALSE,TRUE,FALSE,Low
59,2024,10,25,4,12,3,TRUE,FALSE,FALSE,FALSE,FALSE,FALSE,Medium
16,2024,10,17,12,23,1,FALSE,TRUE,FALSE,FALSE,FALSE,FALSE,Low
71,2024,10,6,7,3,2,FALSE,FALSE,FALSE,FALSE,TRUE,FALSE,High
29,2024,10,6,16,13,0,FALSE,FALSE,FALSE,TRUE,FALSE,FALSE,Low
43,2024,10,8,14,23,5,FALSE,FALSE,TRUE,FALSE,FALSE,FALSE,Medium
5,2024,10,16,14,11,3,FALSE,FALSE,TRUE,FALSE,FALSE,FALSE,Low
98,2024,10,22,7,5,3,FALSE,FALSE,FALSE,TRUE,FALSE,FALSE,High
39,2024,10,27,17,8,5,FALSE,TRUE,FALSE,FALSE,FALSE,FALSE,Medium
76,2024,10,15,22,22,3,FALSE,FALSE,FALSE,FALSE,FALSE,TRUE,High
9,2024,10,19,5,6,2,FALSE,FALSE,FALSE,FALSE,TRUE,FALSE,Low
14,2024,10,21,21,6,0,FALSE,TRUE,FALSE,FALSE,FALSE,FALSE,Low
60,2024,10,4,9,18,5,FALSE,FALSE,TRUE,FALSE,FALSE,FALSE,Medium
16,2024,10,23,3,5,3,FALSE,FALSE,FALSE,FALSE,TRUE,FALSE,Low
7,2024,10,12,23,8,5,FALSE,FALSE,FALSE,TRUE,FALSE,FALSE,Low
87,2024,10,26,12,23,0,FALSE,FALSE,FALSE,TRUE,FALSE,FALSE,High
39,2024,10,3,23,12,5,FALSE,FALSE,FALSE,FALSE,FALSE,TRUE,Medium
47,2024,10,4,22,12,4,FALSE,FALSE,FALSE,FALSE,TRUE,FALSE,Medium
3,2024,10,14,19,4,1,FALSE,FALSE,FALSE,FALSE,TRUE,FALSE,Low
2,2024,10,25,23,1,2,FALSE,FALSE,FALSE,TRUE,FALSE,FALSE,Low
47,2024,10,14,7,2,1,FALSE,FALSE,FALSE,FALSE,TRUE,FALSE,Medium
68,2024,10,28,15,20,2,FALSE,FALSE,FALSE,FALSE,TRUE,FALSE,Medium
66,2024,10,14,5,13,0,TRUE,FALSE,FALSE,FALSE,FALSE,FALSE,Medium
52,2024,10,22,13,5,5,FALSE,FALSE,FALSE,TRUE,FALSE,FALSE,Medium
12,2024,10,7,22,15,2,TRUE,FALSE,FALSE,FALSE,FALSE,FALSE,Low
11,2024,10,21,9,11,1,FALSE,FALSE,FALSE,FALSE,FALSE,TRUE,Low
10,2024,10,2,22,19,2,FALSE,FALSE,FALSE,TRUE,FALSE,FALSE,Low
45,2024,10,6,2,4,4,FALSE,TRUE,FALSE,FALSE,FALSE,FALSE,Medium
45,2024,10,14,5,7,5,FALSE,FALSE,FALSE,TRUE,FALSE,FALSE,Medium
69,2024,10,14,23,22,1,FALSE,TRUE,FALSE,FALSE,FALSE,FALSE,Medium
62,2024,10,16,23,10,5,FALSE,FALSE,TRUE,FALSE,FALSE,FALSE,Medium
52,2024,10,6,12,4,0,FALSE,FALSE,FALSE,FALSE,TRUE,FALSE,Medium
2,2024,10,25,18,22,3,FALSE,FALSE,FALSE,FALSE,TRUE,FALSE,Low
51,2024,10,25,22,17,0,TRUE,FALSE,FALSE,FALSE,FALSE,FALSE,Medium
1,2024,10,20,3,18,4,FALSE,FALSE,TRUE,FALSE,FALSE,FALSE,Low
45,2024,10,18,14,10,1,FALSE,FALSE,FALSE,FALSE,FALSE,TRUE,Medium
83,2024,10,7,6,8,0,FALSE,FALSE,FALSE,FALSE,TRUE,FALSE,High
93,2024,10,6,5,15,2,FALSE,FALSE,FALSE,FALSE,FALSE,TRUE,High
86,2024,10,15,4,6,3,FALSE,FALSE,FALSE,FALSE,TRUE,FALSE,High
21,2024,10,25,7,5,4,FALSE,FALSE,FALSE,TRUE,FALSE,FALSE,Low
75,2024,10,25,12,20,5,FALSE,TRUE,FALSE,FALSE,FALSE,FALSE,High
21,2024,10,27,1,19,5,FALSE,FALSE,FALSE,FALSE,TRUE,FALSE,Low
8,2024,10,16,23,2,3,FALSE,FALSE,FALSE,FALSE,FALSE,TRUE,Low
10,2024,10,25,12,17,2,FALSE,FALSE,FALSE,FALSE,FALSE,TRUE,Low
92,2024,10,21,0,3,0,FALSE,TRUE,FALSE,FALSE,FALSE,FALSE,High
62,2024,10,20,23,10,4,FALSE,FALSE,FALSE,TRUE,FALSE,FALSE,Medium
61,2024,10,28,11,20,2,FALSE,FALSE,FALSE,FALSE,FALSE,TRUE,Medium
19,2024,10,10,0,2,1,FALSE,TRUE,FALSE,FALSE,FALSE,FALSE,Low
69,2024,10,10,17,2,3,FALSE,FALSE,FALSE,FALSE,TRUE,FALSE,Medium
92,2024,10,14,10,23,3,FALSE,FALSE,FALSE,FALSE,TRUE,FALSE,High
98,2024,10,27,16,12,4,TRUE,FALSE,FALSE,FALSE,FALSE,FALSE,High
72,2024,10,5,18,5,1,FALSE,FALSE,FALSE,FALSE,FALSE,TRUE,High
28,2024,10,1,2,14,4,TRUE,FALSE,FALSE,FALSE,FALSE,FALSE,Low
83,2024,10,16,22,7,2,FALSE,FALSE,FALSE,FALSE,FALSE,TRUE,High
97,2024,10,21,13,18,4,FALSE,FALSE,FALSE,TRUE,FALSE,FALSE,High
36,2024,10,8,2,16,4,FALSE,FALSE,FALSE,FALSE,TRUE,FALSE,Medium
51,2024,10,1,16,10,4,FALSE,FALSE,FALSE,TRUE,FALSE,FALSE,Medium
29,2024,10,10,4,17,4,FALSE,FALSE,FALSE,TRUE,FALSE,FALSE,Low
18,2024,10,3,15,21,5,FALSE,FALSE,FALSE,FALSE,TRUE,FALSE,Low
27,2024,10,29,16,11,4,FALSE,TRUE,FALSE,FALSE,FALSE,FALSE,Low
42,2024,10,24,8,1,5,FALSE,TRUE,FALSE,FALSE,FALSE,FALSE,Medium
29,2024,10,3,6,13,1,FALSE,FALSE,TRUE,FALSE,FALSE,FALSE,Low
78,2024,10,1,19,17,5,FALSE,FALSE,FALSE,TRUE,FALSE,FALSE,High
6,2024,10,19,0,16,5,FALSE,TRUE,FALSE,FALSE,FALSE,FALSE,Low
57,2024,10,15,16,12,1,FALSE,TRUE,FALSE,FALSE,FALSE,FALSE,Medium
60,2024,10,1,16,20,4,FALSE,TRUE,FALSE,FALSE,FALSE,FALSE,Medium
6,2024,10,6,6,9,5,FALSE,FALSE,FALSE,TRUE,FALSE,FALSE,Low
46,2024,10,22,14,11,5,FALSE,FALSE,FALSE,FALSE,FALSE,TRUE,Medium
62,2024,10,21,17,12,1,FALSE,TRUE,FALSE,FALSE,FALSE,FALSE,Medium
65,2024,10,10,2,9,2,TRUE,FALSE,FALSE,FALSE,FALSE,FALSE,Medium
16,2024,10,13,11,14,3,TRUE,FALSE,FALSE,FALSE,FALSE,FALSE,Low
99,2024,10,22,22,18,0,FALSE,FALSE,FALSE,TRUE,FALSE,FALSE,High
26,2024,10,10,0,12,5,FALSE,FALSE,FALSE,FALSE,FALSE,TRUE,Low
37,2024,10,9,13,15,4,FALSE,FALSE,FALSE,TRUE,FALSE,FALSE,Medium
54,2024,10,2,19,3,4,FALSE,FALSE,TRUE,FALSE,FALSE,FALSE,Medium
42,2024,10,20,13,15,2,FALSE,FALSE,FALSE,TRUE,FALSE,FALSE,Medium
66,2024,10,20,4,9,5,FALSE,FALSE,TRUE,FALSE,FALSE,FALSE,Medium
35,2024,10,16,19,7,1,TRUE,FALSE,FALSE,FALSE,FALSE,FALSE,Medium
94,2024,10,30,4,2,5,FALSE,TRUE,FALSE,FALSE,FALSE,FALSE,High
92,2024,10,26,2,15,5,FALSE,TRUE,FALSE,FALSE,FALSE,FALSE,High
20,2024,10,28,9,13,2,TRUE,FALSE,FALSE,FALSE,FALSE,FALSE,Low
91,2024,10,5,12,10,5,FALSE,FALSE,TRUE,FALSE,FALSE,FALSE,High
36,2024,10,25,11,0,3,FALSE,FALSE,FALSE,FALSE,FALSE,TRUE,Medium
82,2024,10,3,18,22,4,FALSE,FALSE,FALSE,FALSE,FALSE,TRUE,High
97,2024,10,10,1,10,2,FALSE,FALSE,FALSE,FALSE,TRUE,FALSE,High
61,2024,10,28,20,19,0,FALSE,FALSE,FALSE,TRUE,FALSE,FALSE,Medium
61,2024,10,24,11,23,4,FALSE,FALSE,FALSE,TRUE,FALSE,FALSE,Medium
83,2024,10,18,19,2,2,FALSE,FALSE,FALSE,FALSE,TRUE,FALSE,High
44,2024,10,22,13,12,2,FALSE,FALSE,FALSE,FALSE,FALSE,TRUE,Medium
74,2024,10,24,20,0,2,FALSE,FALSE,TRUE,FALSE,FALSE,FALSE,High
51,2024,10,20,10,15,2,FALSE,TRUE,FALSE,FALSE,FALSE,FALSE,Medium
38,2024,10,18,7,9,0,FALSE,FALSE,FALSE,TRUE,FALSE,FALSE,Medium
22,2024,10,29,23,16,0,FALSE,FALSE,FALSE,TRUE,FALSE,FALSE,Low
53,2024,10,3,7,9,1,FALSE,TRUE,FALSE,FALSE,FALSE,FALSE,Medium
67,2024,10,24,1,22,3,FALSE,FALSE,FALSE,TRUE,FALSE,FALSE,Medium
45,2024,10,19,5,19,2,FALSE,TRUE,FALSE,FALSE,FALSE,FALSE,Medium
83,2024,10,22,17,7,0,FALSE,FALSE,FALSE,FALSE,TRUE,FALSE,High
29,2024,10,17,9,4,5,FALSE,FALSE,FALSE,FALSE,TRUE,FALSE,Low
33,2024,10,30,22,8,5,FALSE,FALSE,TRUE,FALSE,FALSE,FALSE,Medium
97,2024,10,29,21,2,3,TRUE,FALSE,FALSE,FALSE,FALSE,FALSE,High
27,2024,10,7,7,8,2,FALSE,FALSE,FALSE,FALSE,TRUE,FALSE,Low
35,2024,10,3,22,15,5,FALSE,FALSE,FALSE,TRUE,FALSE,FALSE,Medium
18,2024,10,11,18,21,4,TRUE,FALSE,FALSE,FALSE,FALSE,FALSE,Low
47,2024,10,17,17,2,2,FALSE,FALSE,FALSE,FALSE,FALSE,TRUE,Medium
38,2024,10,11,6,21,1,FALSE,TRUE,FALSE,FALSE,FALSE,FALSE,Medium
16,2024,10,4,8,14,2,FALSE,FALSE,FALSE,FALSE,FALSE,TRUE,Low
11,2024,10,8,1,11,2,FALSE,TRUE,FALSE,FALSE,FALSE,FALSE,Low
65,2024,10,24,0,7,3,FALSE,FALSE,TRUE,FALSE,FALSE,FALSE,Medium
46,2024,10,29,0,18,3,FALSE,FALSE,FALSE,TRUE,FALSE,FALSE,Medium
46,2024,10,23,22,12,0,FALSE,TRUE,FALSE,FALSE,FALSE,FALSE,Medium
72,2024,10,11,1,1,1,FALSE,TRUE,FALSE,FALSE,FALSE,FALSE,High
87,2024,10,9,5,16,1,FALSE,FALSE,FALSE,FALSE,TRUE,FALSE,High
65,2024,10,3,23,14,0,FALSE,FALSE,FALSE,TRUE,FALSE,FALSE,Medium
41,2024,10,6,20,8,0,FALSE,TRUE,FALSE,FALSE,FALSE,FALSE,Medium
57,2024,10,7,11,3,5,FALSE,TRUE,FALSE,FALSE,FALSE,FALSE,Medium
73,2024,10,3,21,21,1,FALSE,FALSE,FALSE,TRUE,FALSE,FALSE,High
81,2024,10,18,13,7,5,TRUE,FALSE,FALSE,FALSE,FALSE,FALSE,High
56,2024,10,16,13,6,0,FALSE,TRUE,FALSE,FALSE,FALSE,FALSE,Medium
85,2024,10,5,1,13,3,FALSE,FALSE,FALSE,FALSE,FALSE,TRUE,High
74,2024,10,10,0,13,2,FALSE,FALSE,TRUE,FALSE,FALSE,FALSE,High
46,2024,10,13,13,21,1,FALSE,TRUE,FALSE,FALSE,FALSE,FALSE,Medium
43,2024,10,29,21,1,2,TRUE,FALSE,FALSE,FALSE,FALSE,FALSE,Medium
44,2024,10,27,14,1,2,FALSE,FALSE,FALSE,TRUE,FALSE,FALSE,Medium
69,2024,10,29,10,15,1,FALSE,FALSE,TRUE,FALSE,FALSE,FALSE,Medium
38,2024,10,26,4,5,4,TRUE,FALSE,FALSE,FALSE,FALSE,FALSE,Medium
41,2024,10,10,22,17,2,FALSE,TRUE,FALSE,FALSE,FALSE,FALSE,Medium
30,2024,10,23,19,3,3,TRUE,FALSE,FALSE,FALSE,FALSE,FALSE,Medium
31,2024,10,3,12,14,0,FALSE,FALSE,FALSE,TRUE,FALSE,FALSE,Medium
7,2024,10,10,11,10,2,TRUE,FALSE,FALSE,FALSE,FALSE,FALSE,Low
88,2024,10,26,7,8,4,FALSE,FALSE,TRUE,FALSE,FALSE,FALSE,High
26,2024,10,8,11,6,1,FALSE,FALSE,FALSE,FALSE,FALSE,TRUE,Low
25,2024,10,29,7,17,4,FALSE,FALSE,FALSE,FALSE,FALSE,TRUE,Low
70,2024,10,1,6,6,2,FALSE,TRUE,FALSE,FALSE,FALSE,FALSE,High
82,2024,10,16,16,2,0,TRUE,FALSE,FALSE,FALSE,FALSE,FALSE,High
34,2024,10,26,11,3,2,TRUE,FALSE,FALSE,FALSE,FALSE,FALSE,Medium
22,2024,10,24,1,16,5,FALSE,FALSE,FALSE,FALSE,TRUE,FALSE,Low
64,2024,10,20,16,20,4,TRUE,FALSE,FALSE,FALSE,FALSE,FALSE,Medium
40,2024,10,28,2,21,1,FALSE,FALSE,TRUE,FALSE,FALSE,FALSE,Medium
80,2024,10,28,2,21,3,FALSE,FALSE,TRUE,FALSE,FALSE,FALSE,High
33,2024,10,23,20,8,5,FALSE,FALSE,TRUE,FALSE,FALSE,FALSE,Medium
55,2024,10,15,21,9,4,FALSE,FALSE,FALSE,TRUE,FALSE,FALSE,Medium
77,2024,10,14,3,4,0,FALSE,FALSE,TRUE,FALSE,FALSE,FALSE,High
6,2024,10,25,10,5,3,FALSE,FALSE,FALSE,FALSE,FALSE,TRUE,Low
22,2024,10,8,16,21,1,FALSE,FALSE,FALSE,FALSE,FALSE,TRUE,Low
56,2024,10,5,14,3,1,FALSE,FALSE,FALSE,TRUE,FALSE,FALSE,Medium
85,2024,10,30,2,8,2,FALSE,FALSE,FALSE,TRUE,FALSE,FALSE,High
64,2024,10,5,10,20,0,FALSE,FALSE,FALSE,FALSE,FALSE,TRUE,Medium
88,2024,10,1,22,4,3,FALSE,FALSE,TRUE,FALSE,FALSE,FALSE,High
57,2024,10,13,0,10,1,FALSE,FALSE,TRUE,FALSE,FALSE,FALSE,Medium
2,2024,10,2,11,14,0,FALSE,FALSE,FALSE,TRUE,FALSE,FALSE,Low
69,2024,10,7,10,7,4,FALSE,FALSE,FALSE,TRUE,FALSE,FALSE,Medium
24,2024,10,1,10,5,4,TRUE,FALSE,FALSE,FALSE,FALSE,FALSE,Low
2,2024,10,8,12,4,2,FALSE,FALSE,FALSE,TRUE,FALSE,FALSE,Low
44,2024,10,18,19,3,1,FALSE,FALSE,FALSE,FALSE,TRUE,FALSE,Medium
80,2024,10,23,0,18,1,FALSE,FALSE,TRUE,FALSE,FALSE,FALSE,High
57,2024,10,15,22,4,3,FALSE,FALSE,TRUE,FALSE,FALSE,FALSE,Medium
77,2024,10,13,11,11,3,FALSE,FALSE,FALSE,FALSE,TRUE,FALSE,High
41,2024,10,13,20,9,0,FALSE,FALSE,TRUE,FALSE,FALSE,FALSE,Medium
5,2024,10,13,11,10,3,FALSE,TRUE,FALSE,FALSE,FALSE,FALSE,Low
79,2024,10,26,8,14,4,TRUE,FALSE,FALSE,FALSE,FALSE,FALSE,High
64,2024,10,11,14,21,2,FALSE,FALSE,FALSE,FALSE,FALSE,TRUE,Medium
97,2024,10,2,23,14,0,FALSE,FALSE,FALSE,TRUE,FALSE,FALSE,High
89,2024,10,4,6,14,3,FALSE,FALSE,FALSE,FALSE,FALSE,TRUE,High
99,2024,10,17,5,7,2,FALSE,FALSE,FALSE,FALSE,TRUE,FALSE,High
2,2024,10,1,0,21,0,FALSE,FALSE,FALSE,TRUE,FALSE,FALSE,Low
2,2024,10,27,4,18,5,FALSE,FALSE,FALSE,TRUE,FALSE,FALSE,Low
84,2024,10,16,2,16,0,FALSE,FALSE,FALSE,FALSE,FALSE,TRUE,High
76,2024,10,10,16,10,3,FALSE,FALSE,FALSE,TRUE,FALSE,FALSE,High
78,2024,10,9,1,15,4,TRUE,FALSE,FALSE,FALSE,FALSE,FALSE,High
57,2024,10,22,1,17,5,FALSE,FALSE,FALSE,FALSE,FALSE,TRUE,Medium
10,2024,10,23,22,6,3,TRUE,FALSE,FALSE,FALSE,FALSE,FALSE,Low
91,2024,10,17,10,14,5,FALSE,TRUE,FALSE,FALSE,FALSE,FALSE,High
34,2024,10,7,14,19,1,TRUE,FALSE,FALSE,FALSE,FALSE,FALSE,Medium
85,2024,10,8,2,11,0,FALSE,FALSE,TRUE,FALSE,FALSE,FALSE,High
65,2024,10,2,4,22,4,TRUE,FALSE,FALSE,FALSE,FALSE,FALSE,Medium
8,2024,10,1,5,10,5,FALSE,FALSE,FALSE,FALSE,TRUE,FALSE,Low
87,2024,10,16,18,5,3,TRUE,FALSE,FALSE,FALSE,FALSE,FALSE,High
23,2024,10,2,20,17,2,TRUE,FALSE,FALSE,FALSE,FALSE,FALSE,Low
44,2024,10,19,22,14,3,FALSE,FALSE,FALSE,TRUE,FALSE,FALSE,Medium
86,2024,10,6,8,11,3,FALSE,FALSE,FALSE,TRUE,FALSE,FALSE,High
35,2024,10,11,23,7,5,TRUE,FALSE,FALSE,FALSE,FALSE,FALSE,Medium
29,2024,10,5,12,11,4,FALSE,FALSE,FALSE,TRUE,FALSE,FALSE,Low
49,2024,10,8,6,6,4,FALSE,TRUE,FALSE,FALSE,FALSE,FALSE,Medium
35,2024,10,4,18,3,2,FALSE,FALSE,FALSE,FALSE,TRUE,FALSE,Medium
74,2024,10,4,8,19,4,FALSE,FALSE,FALSE,FALSE,TRUE,FALSE,High
19,2024,10,1,21,18,1,TRUE,FALSE,FALSE,FALSE,FALSE,FALSE,Low
50,2024,10,6,14,16,3,FALSE,TRUE,FALSE,FALSE,FALSE,FALSE,Medium
84,2024,10,22,20,2,4,FALSE,TRUE,FALSE,FALSE,FALSE,FALSE,High
16,2024,10,5,17,4,4,TRUE,FALSE,FALSE,FALSE,FALSE,FALSE,Low
7,2024,10,6,12,1,4,FALSE,TRUE,FALSE,FALSE,FALSE,FALSE,Low
93,2024,10,13,8,7,5,FALSE,FALSE,FALSE,TRUE,FALSE,FALSE,High
24,2024,10,15,23,3,3,FALSE,FALSE,FALSE,TRUE,FALSE,FALSE,Low
53,2024,10,24,11,9,2,TRUE,FALSE,FALSE,FALSE,FALSE,FALSE,Medium
23,2024,10,18,9,17,1,FALSE,TRUE,FALSE,FALSE,FALSE,FALSE,Low
12,2024,10,7,22,12,4,FALSE,FALSE,FALSE,TRUE,FALSE,FALSE,Low
34,2024,10,17,1,10,3,FALSE,FALSE,FALSE,FALSE,TRUE,FALSE,Medium
22,2024,10,7,1,20,3,FALSE,FALSE,FALSE,TRUE,FALSE,FALSE,Low
46,2024,10,16,14,22,3,FALSE,FALSE,FALSE,TRUE,FALSE,FALSE,Medium
60,2024,10,16,2,12,5,FALSE,FALSE,FALSE,FALSE,TRUE,FALSE,Medium
38,2024,10,6,4,16,0,FALSE,FALSE,FALSE,FALSE,TRUE,FALSE,Medium
7,2024,10,28,16,8,4,FALSE,FALSE,TRUE,FALSE,FALSE,FALSE,Low
51,2024,10,9,16,2,0,FALSE,FALSE,TRUE,FALSE,FALSE,FALSE,Medium
77,2024,10,25,17,5,5,FALSE,FALSE,FALSE,FALSE,FALSE,TRUE,High
1,2024,10,16,12,12,5,FALSE,TRUE,FALSE,FALSE,FALSE,FALSE,Low
16,2024,10,7,3,1,5,FALSE,FALSE,TRUE,FALSE,FALSE,FALSE,Low
33,2024,10,13,8,21,1,FALSE,TRUE,FALSE,FALSE,FALSE,FALSE,Medium
12,2024,10,22,0,0,4,TRUE,FALSE,FALSE,FALSE,FALSE,FALSE,Low
81,2024,10,22,1,19,1,FALSE,FALSE,FALSE,TRUE,FALSE,FALSE,High
3,2024,10,5,19,16,1,FALSE,FALSE,TRUE,FALSE,FALSE,FALSE,Low
76,2024,10,20,11,8,4,FALSE,FALSE,TRUE,FALSE,FALSE,FALSE,High
1,2024,10,15,14,15,1,FALSE,FALSE,FALSE,TRUE,FALSE,FALSE,Low
58,2024,10,25,11,15,2,FALSE,FALSE,TRUE,FALSE,FALSE,FALSE,Medium
47,2024,10,14,0,13,3,FALSE,FALSE,FALSE,FALSE,TRUE,FALSE,Medium
68,2024,10,6,6,11,1,FALSE,FALSE,TRUE,FALSE,FALSE,FALSE,Medium
50,2024,10,18,16,10,4,FALSE,FALSE,FALSE,FALSE,TRUE,FALSE,Medium
29,2024,10,21,3,22,5,FALSE,FALSE,FALSE,FALSE,TRUE,FALSE,Low
28,2024,10,3,16,16,5,FALSE,FALSE,FALSE,FALSE,FALSE,TRUE,Low
73,2024,10,19,10,13,0,FALSE,TRUE,FALSE,FALSE,FALSE,FALSE,High
44,2024,10,28,14,2,0,FALSE,FALSE,FALSE,FALSE,TRUE,FALSE,Medium
75,2024,10,2,18,12,2,FALSE,FALSE,FALSE,FALSE,FALSE,TRUE,High
5,2024,10,28,22,17,5,FALSE,FALSE,FALSE,FALSE,TRUE,FALSE,Low
96,2024,10,20,16,3,2,FALSE,TRUE,FALSE,FALSE,FALSE,FALSE,High
37,2024,10,26,23,7,1,FALSE,TRUE,FALSE,FALSE,FALSE,FALSE,Medium
25,2024,10,23,10,5,0,FALSE,TRUE,FALSE,FALSE,FALSE,FALSE,Low
2,2024,10,23,16,0,0,FALSE,FALSE,FALSE,FALSE,FALSE,TRUE,Low
30,2024,10,8,23,9,2,FALSE,FALSE,FALSE,FALSE,FALSE,TRUE,Medium
25,2024,10,21,21,20,1,FALSE,FALSE,TRUE,FALSE,FALSE,FALSE,Low
80,2024,10,25,22,4,3,FALSE,TRUE,FALSE,FALSE,FALSE,FALSE,High
37,2024,10,12,21,9,3,TRUE,FALSE,FALSE,FALSE,FALSE,FALSE,Medium
59,2024,10,6,20,1,2,FALSE,FALSE,TRUE,FALSE,FALSE,FALSE,Medium
68,2024,10,21,15,14,1,TRUE,FALSE,FALSE,FALSE,FALSE,FALSE,Medium
59,2024,10,6,13,17,1,FALSE,TRUE,FALSE,FALSE,FALSE,FALSE,Medium
83,2024,10,28,13,2,5,TRUE,FALSE,FALSE,FALSE,FALSE,FALSE,High
71,2024,10,13,1,17,0,TRUE,FALSE,FALSE,FALSE,FALSE,FALSE,High
43,2024,10,6,21,11,5,FALSE,FALSE,FALSE,FALSE,TRUE,FALSE,Medium
14,2024,10,3,6,0,1,FALSE,TRUE,FALSE,FALSE,FALSE,FALSE,Low
33,2024,10,6,12,11,1,FALSE,FALSE,FALSE,FALSE,TRUE,FALSE,Medium
